n,N,bound of B.3,bound of B.4,k
10,20,1,0,0
10,21,0,0,0
10,22,0,0,0
10,23,0,0,0
10,24,0,0,0
10,25,0,0,0
10,26,0,0,0
10,27,0,0,0
10,28,0,0,0
10,29,0,0,0
10,30,0,0,0
10,31,0,0,0
10,32,0,0,0
10,33,0,0,0
10,34,0,0,0
10,35,0,0,0
10,36,0,0,0
10,37,0,0,0
10,38,0,0,0
10,39,0,0,0
10,40,0,0,0
10,41,0,0,0
10,42,0,0,0
10,43,0,0,0
10,44,0,0,0
10,45,0,0,0
10,46,0,0,0
10,47,0,0,0
10,48,0,0,0
10,49,0,0,0
10,50,0,0,0
32,51,2,1,1
32,52,2,1,1
32,53,2,1,1
32,54,2,1,1
32,55,2,1,1
32,56,2,0,0
32,57,2,0,0
32,58,2,1,1
32,59,2,1,1
32,60,2,1,1
32,61,2,1,1
32,62,2,1,1
32,63,2,1,1
32,64,2,1,1
32,65,1,0,0
32,66,1,0,0
32,67,1,0,0
32,68,1,0,0
32,69,1,0,0
32,70,1,1,1
32,71,1,1,1
32,72,1,1,1
32,73,2,0,0
32,74,2,0,0
32,75,2,0,0
32,76,2,0,0
32,77,1,0,0
32,78,1,0,0
32,79,1,0,0
32,80,2,0,0
32,81,2,0,0
32,82,2,0,0
32,83,2,0,0
32,84,2,0,0
32,85,2,0,0
32,86,2,0,0
32,87,2,0,0
32,88,2,0,0
32,89,2,0,0
32,90,2,0,0
32,91,2,0,0
32,92,2,0,0
32,93,2,0,0
32,94,2,0,0
32,95,2,0,0
32,96,2,0,0
32,97,2,0,0
32,98,2,0,0
32,99,2,0,0
50,100,2,2,2
50,101,3,2,2
50,102,3,2,2
50,103,3,2,2
50,104,3,1,1
50,105,3,2,2
50,106,2,2,2
50,107,2,2,2
50,108,2,2,2
50,109,2,2,2
50,110,2,2,2
50,111,2,2,2
50,112,3,2,2
50,113,2,2,2
50,114,2,1,1
50,115,2,1,1
50,116,2,2,2
50,117,2,2,2
50,118,2,2,2
50,119,2,2,2
50,120,3,2,2
50,121,3,2,2
50,122,3,2,2
50,123,3,2,2
50,124,3,1,1
50,125,3,1,1
50,126,3,1,1
50,127,3,1,1
50,128,3,2,2
50,129,3,2,2
50,130,3,2,2
50,131,3,2,2
50,132,3,2,2
50,133,3,1,1
50,134,3,1,1
50,135,3,1,1
50,136,3,1,1
50,137,3,1,1
50,138,3,1,1
50,139,3,1,1
50,140,3,2,2
50,141,3,2,2
50,142,3,2,2
50,143,3,1,1
50,144,3,1,1
50,145,3,1,1
50,146,3,1,1
50,147,3,1,1
50,148,3,1,1
50,149,3,1,1
50,150,3,1,1
50,151,3,2,2
50,152,3,1,1
50,153,2,1,1
50,154,2,1,1
50,155,2,1,1
50,156,2,1,1
50,157,2,1,1
50,158,2,1,1
50,159,2,1,1
50,160,3,1,1
50,161,3,1,1
50,162,3,1,1
50,163,3,1,1
50,164,3,1,1
50,165,3,1,1
50,166,3,1,1
50,167,3,1,1
50,168,3,1,1
50,169,3,1,1
50,170,3,1,1
50,171,3,1,1
50,172,3,1,1
50,173,3,1,1
50,174,3,1,1
50,175,3,1,1
50,176,3,1,1
50,177,3,1,1
50,178,3,1,1
50,179,3,1,1
50,180,3,1,1
50,181,3,1,1
50,182,3,1,1
50,183,3,1,1
50,184,2,1,1
50,185,2,1,1
50,186,2,1,1
50,187,2,1,1
50,188,2,1,1
50,189,2,1,1
50,190,2,1,1
50,191,2,1,1
50,192,3,1,1
50,193,3,1,1
50,194,3,1,1
50,195,3,1,1
50,196,3,1,1
50,197,3,1,1
50,198,3,1,1
50,199,3,1,1
50,200,3,1,1
50,201,3,1,1
50,202,3,1,1
50,203,3,1,1
50,204,3,1,1
50,205,3,1,1
50,206,3,1,1
50,207,3,1,1
50,208,3,1,1
50,209,3,1,1
50,210,3,1,1
50,211,3,1,1
50,212,3,1,1
50,213,3,1,1
50,214,3,1,1
50,215,3,1,1
50,216,3,1,1
50,217,3,1,1
50,218,3,1,1
50,219,3,1,1
50,220,3,1,1
50,221,3,1,1
50,222,3,1,1
50,223,3,1,1
50,224,3,1,1
50,225,3,1,1
50,226,3,1,1
50,227,3,1,1
50,228,3,1,1
50,229,3,1,1
50,230,3,1,1
50,231,3,1,1
50,232,3,1,1
50,233,3,1,1
50,234,3,1,1
50,235,3,1,1
50,236,3,1,1
50,237,3,1,1
50,238,3,1,1
50,239,3,1,1
50,240,3,1,1
50,241,3,1,1
50,242,3,1,1
50,243,3,1,1
50,244,3,1,1
50,245,3,1,1
50,246,3,1,1
50,247,3,1,1
50,248,3,1,1
50,249,3,1,1
50,250,3,1,1
50,251,3,1,1
50,252,3,1,1
50,253,3,1,1
50,254,3,1,1
50,255,3,1,1
50,256,3,1,1
50,257,3,1,1
50,258,3,1,1
50,259,3,1,1
50,260,3,1,1
50,261,3,1,1
50,262,3,1,1
50,263,3,1,1
50,264,3,1,1
50,265,3,1,1
50,266,3,1,1
50,267,3,1,1
50,268,3,1,1
50,269,3,1,1
50,270,3,1,1
50,271,3,1,1
50,272,3,1,1
50,273,3,1,1
50,274,3,1,1
50,275,3,1,1
50,276,3,1,1
50,277,3,1,1
50,278,3,1,1
50,279,3,1,1
50,280,3,1,1
50,281,3,1,1
50,282,3,1,1
50,283,3,1,1
50,284,3,1,1
50,285,3,1,1
50,286,3,1,1
50,287,3,1,1
50,288,3,1,1
50,289,3,1,1
50,290,3,1,1
50,291,3,1,1
50,292,3,1,1
50,293,3,1,1
50,294,3,1,1
50,295,3,1,1
50,296,3,1,1
50,297,3,1,1
50,298,3,1,1
50,299,3,1,1
50,300,3,1,1
50,301,3,1,1
50,302,3,1,1
50,303,3,1,1
50,304,3,1,1
50,305,3,1,1
50,306,3,1,1
50,307,3,1,1
50,308,3,1,1
50,309,3,1,1
50,310,3,1,1
50,311,3,1,1
50,312,3,1,1
50,313,3,1,1
50,314,3,1,1
50,315,3,1,1
50,316,3,1,1
50,317,3,1,1
50,318,2,1,1
50,319,2,1,1
50,320,3,1,1
50,321,3,1,1
50,322,3,1,1
50,323,3,1,1
50,324,3,1,1
50,325,3,1,1
50,326,3,1,1
50,327,3,1,1
50,328,3,1,1
50,329,3,1,1
50,330,3,1,1
50,331,3,1,1
50,332,3,1,1
50,333,3,1,1
50,334,3,1,1
50,335,3,1,1
50,336,3,1,1
50,337,3,1,1
50,338,3,1,1
50,339,3,1,1
50,340,3,1,1
50,341,3,1,1
50,342,3,1,1
50,343,3,1,1
50,344,3,1,1
50,345,3,1,1
50,346,3,1,1
50,347,3,1,1
50,348,3,1,1
50,349,3,1,1
50,350,3,1,1
50,351,3,1,1
50,352,3,1,1
50,353,3,1,1
50,354,3,1,1
50,355,2,1,1
50,356,2,1,1
50,357,2,1,1
50,358,2,1,1
50,359,2,1,1
50,360,3,1,1
50,361,3,1,1
50,362,3,1,1
50,363,3,1,1
50,364,3,1,1
50,365,3,1,1
50,366,3,1,1
50,367,3,1,1
50,368,3,1,1
50,369,3,1,1
50,370,3,1,1
50,371,3,1,1
50,372,3,1,1
50,373,3,1,1
50,374,3,1,1
50,375,3,1,1
50,376,3,1,1
50,377,3,1,1
50,378,3,1,1
50,379,3,1,1
50,380,3,1,1
50,381,3,1,1
50,382,3,1,1
50,383,3,1,1
50,384,3,1,1
50,385,3,1,1
50,386,3,1,1
50,387,3,1,1
50,388,3,1,1
50,389,3,1,1
50,390,3,1,1
50,391,2,1,1
50,392,2,1,1
50,393,2,1,1
50,394,2,1,1
50,395,2,1,1
50,396,2,1,1
50,397,2,1,1
50,398,2,1,1
50,399,2,1,1
50,400,3,1,1
50,401,3,1,1
50,402,3,1,1
50,403,3,1,1
50,404,3,1,1
50,405,3,1,1
50,406,3,1,1
50,407,3,1,1
50,408,3,1,1
50,409,3,1,1
50,410,3,1,1
50,411,3,1,1
50,412,3,1,1
50,413,3,1,1
50,414,3,1,1
50,415,3,1,1
50,416,3,1,1
50,417,3,1,1
50,418,3,1,1
50,419,3,1,1
50,420,3,1,1
50,421,3,1,1
50,422,3,1,1
50,423,3,1,1
50,424,3,1,1
50,425,3,1,1
50,426,3,1,1
50,427,3,1,1
50,428,2,1,1
50,429,2,1,1
50,430,2,1,1
50,431,2,1,1
50,432,2,1,1
50,433,2,1,1
50,434,2,1,1
50,435,2,1,1
50,436,2,1,1
50,437,2,1,1
50,438,2,1,1
50,439,2,1,1
50,440,3,1,1
50,441,3,1,1
50,442,3,1,1
50,443,3,1,1
50,444,3,1,1
50,445,3,1,1
50,446,3,1,1
50,447,3,1,1
50,448,3,1,1
50,449,3,1,1
50,450,3,1,1
50,451,3,1,1
50,452,3,1,1
50,453,3,1,1
50,454,3,1,1
50,455,3,1,1
50,456,3,1,1
50,457,3,1,1
50,458,3,1,1
50,459,3,1,1
50,460,3,1,1
50,461,3,1,1
50,462,3,1,1
50,463,3,1,1
50,464,2,1,1
50,465,2,1,1
50,466,2,1,1
50,467,2,1,1
50,468,2,1,1
50,469,2,1,1
50,470,2,1,1
50,471,2,1,1
50,472,2,1,1
50,473,2,1,1
50,474,2,1,1
50,475,2,1,1
50,476,2,1,1
50,477,2,1,1
50,478,2,1,1
50,479,2,1,1
50,480,3,1,1
50,481,3,1,1
50,482,3,1,1
50,483,3,1,1
50,484,3,1,1
50,485,3,1,1
50,486,3,1,1
50,487,3,1,1
50,488,3,1,1
50,489,3,1,1
50,490,3,1,1
50,491,3,1,1
50,492,3,1,1
50,493,3,1,1
50,494,3,1,1
50,495,3,1,1
50,496,3,1,1
50,497,3,1,1
50,498,3,1,1
50,499,3,1,1
50,500,3,1,1
80,501,4,3,3
80,502,4,3,3
80,503,4,3,3
80,504,4,3,3
80,505,4,3,3
80,506,4,3,3
80,507,4,3,3
80,508,4,3,3
80,509,4,3,3
80,510,4,3,3
80,511,4,3,3
80,512,4,3,3
80,513,4,3,3
80,514,4,3,3
80,515,4,3,3
80,516,4,3,3
80,517,4,3,3
80,518,4,3,3
80,519,4,3,3
80,520,4,3,3
80,521,4,3,3
80,522,4,3,3
80,523,4,3,3
80,524,4,3,3
80,525,4,3,3
80,526,4,3,3
80,527,4,3,3
80,528,4,3,3
80,529,4,3,3
80,530,4,3,3
80,531,4,3,3
80,532,4,3,3
80,533,4,3,3
80,534,4,3,3
80,535,4,3,3
80,536,4,3,3
80,537,4,3,3
80,538,4,3,3
80,539,4,3,3
80,540,4,3,3
80,541,4,3,3
80,542,4,3,3
80,543,4,3,3
80,544,4,3,3
80,545,4,4,4
80,546,4,4,4
80,547,4,4,4
80,548,4,4,4
80,549,4,3,3
80,550,4,3,3
80,551,4,3,3
80,552,4,3,3
80,553,4,3,3
80,554,4,3,3
80,555,4,3,3
80,556,4,3,3
80,557,4,4,4
80,558,4,4,4
80,559,4,3,3
80,560,4,3,3
80,561,4,3,3
80,562,4,3,3
80,563,4,3,3
80,564,4,3,3
80,565,4,3,3
80,566,4,3,3
80,567,4,3,3
80,568,4,4,4
80,569,4,3,3
80,570,4,3,3
80,571,4,3,3
80,572,4,3,3
80,573,4,3,3
80,574,4,3,3
80,575,4,3,3
80,576,4,3,3
80,577,4,3,3
80,578,4,3,3
80,579,4,3,3
80,580,4,3,3
80,581,4,3,3
80,582,4,3,3
80,583,4,3,3
80,584,4,3,3
80,585,4,3,3
80,586,4,3,3
80,587,4,3,3
80,588,4,3,3
80,589,4,3,3
80,590,4,3,3
80,591,4,3,3
80,592,4,3,3
80,593,4,3,3
80,594,4,3,3
80,595,4,3,3
80,596,4,3,3
80,597,4,3,3
80,598,4,3,3
80,599,4,3,3
80,600,4,3,3
80,601,4,3,3
80,602,4,3,3
80,603,4,3,3
80,604,4,3,3
80,605,4,3,3
80,606,4,3,3
80,607,4,3,3
80,608,4,3,3
80,609,4,3,3
80,610,4,3,3
80,611,4,3,3
80,612,4,3,3
80,613,4,3,3
80,614,4,3,3
80,615,4,3,3
80,616,4,3,3
80,617,4,3,3
80,618,4,3,3
80,619,4,3,3
80,620,4,3,3
80,621,4,3,3
80,622,4,3,3
80,623,4,3,3
80,624,4,3,3
80,625,4,3,3
80,626,4,3,3
80,627,4,3,3
80,628,4,3,3
80,629,4,3,3
80,630,4,3,3
80,631,4,3,3
80,632,4,3,3
80,633,4,3,3
80,634,4,3,3
80,635,4,3,3
80,636,4,3,3
80,637,4,3,3
80,638,4,3,3
80,639,4,3,3
80,640,4,3,3
80,641,4,3,3
80,642,4,3,3
80,643,4,3,3
80,644,4,3,3
80,645,4,3,3
80,646,4,3,3
80,647,4,3,3
80,648,4,3,3
80,649,4,3,3
80,650,4,3,3
80,651,4,3,3
80,652,4,3,3
80,653,4,3,3
80,654,4,3,3
80,655,4,3,3
80,656,4,3,3
80,657,4,3,3
80,658,4,3,3
80,659,4,3,3
80,660,4,3,3
80,661,4,3,3
80,662,4,3,3
80,663,4,3,3
80,664,4,3,3
80,665,4,3,3
80,666,4,3,3
80,667,4,3,3
80,668,4,3,3
80,669,4,3,3
80,670,4,3,3
80,671,4,3,3
80,672,4,3,3
80,673,4,3,3
80,674,4,3,3
80,675,4,3,3
80,676,4,3,3
80,677,4,3,3
80,678,4,3,3
80,679,4,3,3
80,680,4,3,3
80,681,4,3,3
80,682,4,3,3
80,683,4,3,3
80,684,4,3,3
80,685,4,3,3
80,686,4,3,3
80,687,4,3,3
80,688,4,3,3
80,689,4,3,3
80,690,4,3,3
80,691,4,3,3
80,692,4,3,3
80,693,4,3,3
80,694,4,3,3
80,695,4,3,3
80,696,4,3,3
80,697,4,3,3
80,698,4,3,3
80,699,4,3,3
80,700,4,3,3
80,701,4,3,3
80,702,4,3,3
80,703,4,3,3
80,704,4,3,3
80,705,4,3,3
80,706,4,3,3
80,707,4,3,3
80,708,4,3,3
80,709,4,3,3
80,710,4,3,3
80,711,4,3,3
80,712,4,3,3
80,713,4,3,3
80,714,4,3,3
80,715,4,3,3
80,716,4,3,3
80,717,4,3,3
80,718,4,3,3
80,719,4,3,3
80,720,4,3,3
80,721,4,3,3
80,722,4,3,3
80,723,4,3,3
80,724,4,3,3
80,725,4,3,3
80,726,4,3,3
80,727,4,3,3
80,728,4,3,3
80,729,4,3,3
80,730,4,3,3
80,731,4,3,3
80,732,4,3,3
80,733,4,3,3
80,734,4,3,3
80,735,4,3,3
80,736,4,3,3
80,737,4,3,3
80,738,4,3,3
80,739,4,3,3
80,740,4,3,3
80,741,4,3,3
80,742,4,3,3
80,743,4,3,3
80,744,4,3,3
80,745,4,3,3
80,746,4,3,3
80,747,4,3,3
80,748,4,3,3
80,749,4,3,3
80,750,4,3,3
80,751,4,3,3
80,752,4,3,3
80,753,4,3,3
80,754,4,3,3
80,755,4,3,3
80,756,4,3,3
80,757,4,3,3
80,758,4,3,3
80,759,4,3,3
80,760,4,3,3
80,761,4,3,3
80,762,4,3,3
80,763,4,3,3
80,764,4,3,3
80,765,4,3,3
80,766,4,3,3
80,767,4,3,3
80,768,4,3,3
80,769,4,3,3
80,770,4,3,3
80,771,4,3,3
80,772,4,3,3
80,773,4,3,3
80,774,4,3,3
80,775,4,3,3
80,776,4,3,3
80,777,4,3,3
80,778,4,3,3
80,779,4,3,3
80,780,4,3,3
80,781,4,3,3
80,782,4,3,3
80,783,4,3,3
80,784,4,3,3
80,785,4,3,3
80,786,4,3,3
80,787,4,3,3
80,788,4,3,3
80,789,4,3,3
80,790,4,3,3
80,791,4,3,3
80,792,4,3,3
80,793,4,3,3
80,794,4,3,3
80,795,4,3,3
80,796,4,3,3
80,797,4,3,3
80,798,4,3,3
80,799,4,3,3
80,800,4,3,3
80,801,4,3,3
80,802,4,3,3
80,803,4,3,3
80,804,4,3,3
80,805,4,3,3
80,806,4,3,3
80,807,4,3,3
80,808,4,3,3
80,809,4,3,3
80,810,4,3,3
80,811,4,3,3
80,812,4,3,3
80,813,4,3,3
80,814,4,3,3
80,815,4,3,3
80,816,4,3,3
80,817,4,3,3
80,818,4,3,3
80,819,4,3,3
80,820,4,3,3
80,821,4,3,3
80,822,4,3,3
80,823,4,3,3
80,824,4,3,3
80,825,4,3,3
80,826,4,3,3
80,827,4,3,3
80,828,4,3,3
80,829,4,3,3
80,830,4,3,3
80,831,4,3,3
80,832,4,3,3
80,833,4,3,3
80,834,4,3,3
80,835,4,3,3
80,836,4,3,3
80,837,4,3,3
80,838,4,3,3
80,839,4,3,3
80,840,4,3,3
80,841,4,3,3
80,842,4,3,3
80,843,4,3,3
80,844,4,3,3
80,845,4,3,3
80,846,4,3,3
80,847,4,3,3
80,848,4,3,3
80,849,4,3,3
80,850,4,3,3
80,851,4,3,3
80,852,4,3,3
80,853,4,3,3
80,854,4,3,3
80,855,4,3,3
80,856,4,3,3
80,857,4,3,3
80,858,4,3,3
80,859,4,3,3
80,860,4,3,3
80,861,4,3,3
80,862,4,3,3
80,863,4,3,3
80,864,4,3,3
80,865,4,3,3
80,866,4,3,3
80,867,4,3,3
80,868,4,3,3
80,869,4,3,3
80,870,4,3,3
80,871,4,3,3
80,872,4,3,3
80,873,4,3,3
80,874,4,3,3
80,875,4,3,3
80,876,4,3,3
80,877,4,3,3
80,878,4,3,3
80,879,4,3,3
80,880,4,3,3
80,881,4,3,3
80,882,4,3,3
80,883,4,3,3
80,884,4,3,3
80,885,4,3,3
80,886,4,3,3
80,887,4,3,3
80,888,4,3,3
80,889,4,3,3
80,890,4,3,3
80,891,4,3,3
80,892,4,3,3
80,893,4,3,3
80,894,4,3,3
80,895,4,3,3
80,896,4,3,3
80,897,4,3,3
80,898,4,3,3
80,899,4,3,3
80,900,4,3,3
80,901,4,3,3
80,902,4,3,3
80,903,4,3,3
80,904,4,3,3
80,905,4,3,3
80,906,4,3,3
80,907,4,3,3
80,908,4,3,3
80,909,4,3,3
80,910,4,3,3
80,911,4,3,3
80,912,4,3,3
80,913,4,3,3
80,914,4,3,3
80,915,4,3,3
80,916,4,3,3
80,917,4,3,3
80,918,4,3,3
80,919,4,3,3
80,920,4,3,3
80,921,4,3,3
80,922,4,3,3
80,923,4,3,3
80,924,4,3,3
80,925,4,3,3
80,926,4,3,3
80,927,4,3,3
80,928,4,3,3
80,929,4,3,3
80,930,4,3,3
80,931,4,3,3
80,932,4,3,3
80,933,4,3,3
80,934,4,3,3
80,935,4,3,3
80,936,4,3,3
80,937,4,3,3
80,938,4,3,3
80,939,4,3,3
80,940,4,3,3
80,941,4,3,3
80,942,4,3,3
80,943,4,3,3
80,944,4,3,3
80,945,4,3,3
80,946,4,3,3
80,947,4,3,3
80,948,4,3,3
80,949,4,3,3
80,950,4,3,3
80,951,4,3,3
80,952,4,3,3
80,953,4,3,3
80,954,4,3,3
80,955,4,3,3
80,956,4,3,3
80,957,4,3,3
80,958,4,3,3
80,959,4,3,3
80,960,4,3,3
80,961,4,3,3
80,962,4,3,3
80,963,4,3,3
80,964,4,3,3
80,965,4,3,3
80,966,4,3,3
80,967,4,3,3
80,968,4,3,3
80,969,4,3,3
80,970,4,3,3
80,971,4,3,3
80,972,4,3,3
80,973,4,3,3
80,974,4,3,3
80,975,4,3,3
80,976,4,3,3
80,977,4,3,3
80,978,4,3,3
80,979,4,3,3
80,980,4,3,3
80,981,4,3,3
80,982,4,3,3
80,983,4,3,3
80,984,4,3,3
80,985,4,3,3
80,986,4,3,3
80,987,4,3,3
80,988,4,3,3
80,989,4,3,3
80,990,4,3,3
80,991,4,3,3
80,992,4,3,3
80,993,4,3,3
80,994,4,3,3
80,995,4,3,3
80,996,4,3,3
80,997,4,3,3
80,998,4,3,3
80,999,4,3,3
80,1000,4,3,3
80,1001,4,3,3
80,1002,4,3,3
80,1003,4,3,3
80,1004,4,3,3
80,1005,4,3,3
80,1006,4,3,3
80,1007,4,3,3
80,1008,4,3,3
80,1009,4,3,3
80,1010,4,3,3
80,1011,4,3,3
80,1012,4,3,3
80,1013,4,3,3
80,1014,4,3,3
80,1015,4,3,3
80,1016,4,3,3
80,1017,4,3,3
80,1018,4,3,3
80,1019,4,3,3
80,1020,4,3,3
80,1021,4,3,3
80,1022,4,3,3
80,1023,4,3,3
80,1024,4,3,3
80,1025,4,3,3
80,1026,4,3,3
80,1027,4,3,3
80,1028,4,3,3
80,1029,4,3,3
80,1030,4,3,3
80,1031,4,3,3
80,1032,4,3,3
80,1033,4,3,3
80,1034,4,3,3
80,1035,4,3,3
80,1036,4,3,3
80,1037,4,3,3
80,1038,4,3,3
80,1039,4,3,3
80,1040,4,3,3
80,1041,4,3,3
80,1042,4,3,3
80,1043,4,3,3
80,1044,4,3,3
80,1045,4,3,3
80,1046,4,3,3
80,1047,4,3,3
80,1048,4,3,3
80,1049,4,3,3
80,1050,4,3,3
80,1051,4,3,3
80,1052,4,3,3
80,1053,4,3,3
80,1054,4,3,3
80,1055,4,3,3
80,1056,4,3,3
80,1057,4,3,3
80,1058,4,3,3
80,1059,4,3,3
80,1060,4,3,3
80,1061,4,3,3
80,1062,4,3,3
80,1063,4,3,3
80,1064,4,3,3
80,1065,4,3,3
80,1066,4,3,3
80,1067,4,3,3
80,1068,4,3,3
80,1069,4,3,3
80,1070,4,3,3
80,1071,4,3,3
80,1072,4,3,3
80,1073,4,3,3
80,1074,4,3,3
80,1075,4,3,3
80,1076,4,3,3
80,1077,4,3,3
80,1078,4,3,3
80,1079,4,3,3
80,1080,4,3,3
80,1081,4,3,3
80,1082,4,3,3
80,1083,4,3,3
80,1084,4,3,3
80,1085,4,3,3
80,1086,4,3,3
80,1087,4,3,3
80,1088,4,3,3
80,1089,4,3,3
80,1090,4,3,3
80,1091,4,3,3
80,1092,4,3,3
80,1093,4,3,3
80,1094,4,3,3
80,1095,4,3,3
80,1096,4,3,3
80,1097,4,3,3
80,1098,4,3,3
80,1099,4,3,3
80,1100,4,3,3
80,1101,4,3,3
80,1102,4,3,3
80,1103,4,3,3
80,1104,4,3,3
80,1105,4,3,3
80,1106,4,3,3
80,1107,4,3,3
80,1108,4,3,3
80,1109,4,3,3
80,1110,4,3,3
80,1111,4,3,3
80,1112,4,3,3
80,1113,4,3,3
80,1114,4,3,3
80,1115,4,3,3
80,1116,4,3,3
80,1117,4,3,3
80,1118,4,3,3
80,1119,4,3,3
80,1120,4,3,3
80,1121,4,3,3
80,1122,4,3,3
80,1123,4,3,3
80,1124,4,3,3
80,1125,4,3,3
80,1126,4,3,3
80,1127,4,3,3
80,1128,4,3,3
80,1129,4,3,3
80,1130,4,3,3
80,1131,4,3,3
80,1132,4,3,3
80,1133,4,3,3
80,1134,4,3,3
80,1135,4,3,3
80,1136,4,3,3
80,1137,4,3,3
80,1138,4,3,3
80,1139,4,3,3
80,1140,4,3,3
80,1141,4,3,3
80,1142,4,3,3
80,1143,4,3,3
80,1144,4,3,3
80,1145,4,3,3
80,1146,4,3,3
80,1147,4,3,3
80,1148,4,3,3
80,1149,4,3,3
80,1150,4,3,3
80,1151,4,3,3
80,1152,4,3,3
80,1153,4,3,3
80,1154,4,3,3
80,1155,4,3,3
80,1156,4,3,3
80,1157,4,3,3
80,1158,4,3,3
80,1159,4,3,3
80,1160,4,3,3
80,1161,4,3,3
80,1162,4,3,3
80,1163,4,3,3
80,1164,4,3,3
80,1165,4,3,3
80,1166,4,3,3
80,1167,4,3,3
80,1168,4,3,3
80,1169,4,3,3
80,1170,4,3,3
80,1171,4,3,3
80,1172,4,3,3
80,1173,4,3,3
80,1174,4,3,3
80,1175,4,3,3
80,1176,4,3,3
80,1177,4,3,3
80,1178,4,3,3
80,1179,4,3,3
80,1180,4,3,3
80,1181,4,3,3
80,1182,4,3,3
80,1183,4,3,3
80,1184,4,3,3
80,1185,4,3,3
80,1186,4,3,3
80,1187,4,3,3
80,1188,4,3,3
80,1189,4,3,3
80,1190,4,3,3
80,1191,4,3,3
80,1192,4,3,3
80,1193,4,3,3
80,1194,4,3,3
80,1195,4,3,3
80,1196,4,3,3
80,1197,4,3,3
80,1198,4,3,3
80,1199,4,3,3
80,1200,4,3,3
80,1201,4,3,3
80,1202,4,3,3
80,1203,4,3,3
80,1204,4,3,3
80,1205,4,3,3
80,1206,4,3,3
80,1207,4,3,3
80,1208,4,3,3
80,1209,4,3,3
80,1210,4,3,3
80,1211,4,3,3
80,1212,4,3,3
80,1213,4,3,3
80,1214,4,3,3
80,1215,4,3,3
80,1216,4,3,3
80,1217,4,3,3
80,1218,4,3,3
80,1219,4,3,3
80,1220,4,3,3
80,1221,4,3,3
80,1222,4,3,3
80,1223,4,3,3
80,1224,4,3,3
80,1225,4,3,3
80,1226,4,3,3
80,1227,4,3,3
80,1228,4,3,3
80,1229,4,3,3
80,1230,4,3,3
80,1231,4,3,3
80,1232,4,3,3
80,1233,4,3,3
80,1234,4,3,3
80,1235,4,3,3
80,1236,4,3,3
80,1237,4,3,3
80,1238,4,3,3
80,1239,4,3,3
80,1240,4,3,3
80,1241,4,3,3
80,1242,4,3,3
80,1243,4,3,3
80,1244,4,3,3
80,1245,4,3,3
80,1246,4,3,3
80,1247,4,3,3
80,1248,4,3,3
80,1249,4,3,3
80,1250,4,3,3
80,1251,4,3,3
80,1252,4,3,3
80,1253,4,3,3
80,1254,4,3,3
80,1255,4,3,3
80,1256,4,3,3
80,1257,4,3,3
80,1258,4,3,3
80,1259,4,3,3
80,1260,4,3,3
80,1261,4,3,3
80,1262,4,3,3
80,1263,4,3,3
80,1264,4,3,3
80,1265,4,3,3
80,1266,4,3,3
80,1267,4,3,3
80,1268,4,3,3
80,1269,4,3,3
80,1270,4,3,3
80,1271,4,3,3
80,1272,4,3,3
80,1273,4,3,3
80,1274,4,3,3
80,1275,4,3,3
80,1276,4,3,3
80,1277,4,3,3
80,1278,4,3,3
80,1279,4,3,3
80,1280,4,3,3
80,1281,4,3,3
80,1282,4,3,3
80,1283,4,3,3
80,1284,4,3,3
80,1285,4,3,3
80,1286,4,3,3
80,1287,4,3,3
80,1288,4,3,3
80,1289,4,3,3
80,1290,4,3,3
80,1291,4,3,3
80,1292,4,3,3
80,1293,4,3,3
80,1294,4,3,3
80,1295,4,3,3
80,1296,4,3,3
80,1297,4,3,3
80,1298,4,3,3
80,1299,4,3,3
80,1300,4,3,3
80,1301,4,3,3
80,1302,4,3,3
80,1303,4,3,3
80,1304,4,3,3
80,1305,4,3,3
80,1306,4,3,3
80,1307,4,3,3
80,1308,4,3,3
80,1309,4,3,3
80,1310,4,3,3
80,1311,4,3,3
80,1312,4,3,3
80,1313,4,3,3
80,1314,4,3,3
80,1315,4,3,3
80,1316,4,3,3
80,1317,4,3,3
80,1318,4,3,3
80,1319,4,3,3
80,1320,4,3,3
80,1321,4,3,3
80,1322,4,3,3
80,1323,4,3,3
80,1324,4,3,3
80,1325,4,3,3
80,1326,4,3,3
80,1327,4,3,3
80,1328,4,3,3
80,1329,4,3,3
80,1330,4,3,3
80,1331,4,3,3
80,1332,4,3,3
80,1333,4,3,3
80,1334,4,3,3
80,1335,4,3,3
80,1336,4,3,3
80,1337,4,3,3
80,1338,4,3,3
80,1339,4,3,3
80,1340,4,3,3
80,1341,4,3,3
80,1342,4,3,3
80,1343,4,3,3
80,1344,4,3,3
80,1345,4,3,3
80,1346,4,3,3
80,1347,4,3,3
80,1348,4,3,3
80,1349,4,3,3
80,1350,4,3,3
80,1351,4,3,3
80,1352,4,3,3
80,1353,4,3,3
80,1354,4,3,3
80,1355,4,3,3
80,1356,4,3,3
80,1357,4,3,3
80,1358,4,3,3
80,1359,4,3,3
80,1360,4,3,3
80,1361,4,3,3
80,1362,4,3,3
80,1363,4,3,3
80,1364,4,3,3
80,1365,4,3,3
80,1366,4,3,3
80,1367,4,3,3
80,1368,4,3,3
80,1369,4,3,3
80,1370,4,3,3
80,1371,4,3,3
80,1372,4,3,3
80,1373,4,3,3
80,1374,4,3,3
80,1375,4,3,3
80,1376,4,3,3
80,1377,4,3,3
80,1378,4,3,3
80,1379,4,3,3
80,1380,4,3,3
80,1381,4,3,3
80,1382,4,3,3
80,1383,4,3,3
80,1384,4,3,3
80,1385,4,3,3
80,1386,4,3,3
80,1387,4,3,3
80,1388,4,3,3
80,1389,4,3,3
80,1390,4,3,3
80,1391,4,3,3
80,1392,4,3,3
80,1393,4,3,3
80,1394,4,3,3
80,1395,4,3,3
80,1396,4,3,3
80,1397,4,3,3
80,1398,4,3,3
80,1399,4,3,3
80,1400,4,3,3
80,1401,4,3,3
80,1402,4,3,3
80,1403,4,3,3
80,1404,4,3,3
80,1405,4,3,3
80,1406,4,3,3
80,1407,4,3,3
80,1408,4,3,3
80,1409,4,3,3
80,1410,4,3,3
80,1411,4,3,3
80,1412,4,3,3
80,1413,4,3,3
80,1414,4,3,3
80,1415,4,3,3
80,1416,4,3,3
80,1417,4,3,3
80,1418,4,3,3
80,1419,4,3,3
80,1420,4,3,3
80,1421,4,3,3
80,1422,4,3,3
80,1423,4,3,3
80,1424,4,3,3
80,1425,4,3,3
80,1426,4,3,3
80,1427,4,3,3
80,1428,4,3,3
80,1429,4,3,3
80,1430,4,3,3
80,1431,4,3,3
80,1432,4,3,3
80,1433,4,3,3
80,1434,4,3,3
80,1435,4,3,3
80,1436,4,3,3
80,1437,4,3,3
80,1438,4,3,3
80,1439,4,3,3
80,1440,4,3,3
80,1441,4,3,3
80,1442,4,3,3
80,1443,4,3,3
80,1444,4,3,3
80,1445,4,3,3
80,1446,4,3,3
80,1447,4,3,3
80,1448,4,3,3
80,1449,4,3,3
80,1450,4,3,3
80,1451,4,3,3
80,1452,4,3,3
80,1453,4,3,3
80,1454,4,3,3
80,1455,4,3,3
80,1456,4,3,3
80,1457,4,3,3
80,1458,4,3,3
80,1459,4,3,3
80,1460,4,3,3
80,1461,4,3,3
80,1462,4,3,3
80,1463,4,3,3
80,1464,4,3,3
80,1465,4,3,3
80,1466,4,3,3
80,1467,4,3,3
80,1468,4,3,3
80,1469,4,3,3
80,1470,4,3,3
80,1471,4,3,3
80,1472,4,3,3
80,1473,4,3,3
80,1474,4,3,3
80,1475,4,3,3
80,1476,4,3,3
80,1477,4,3,3
80,1478,4,3,3
80,1479,4,3,3
80,1480,4,3,3
80,1481,4,3,3
80,1482,4,3,3
80,1483,4,3,3
80,1484,4,3,3
80,1485,4,3,3
80,1486,4,3,3
80,1487,4,3,3
80,1488,4,3,3
80,1489,4,3,3
80,1490,4,3,3
80,1491,4,3,3
80,1492,4,3,3
80,1493,4,3,3
80,1494,4,3,3
80,1495,4,3,3
80,1496,4,3,3
80,1497,4,3,3
80,1498,4,3,3
80,1499,4,3,3
80,1500,4,3,3
80,1501,4,3,3
80,1502,4,3,3
80,1503,4,3,3
80,1504,4,3,3
80,1505,4,3,3
80,1506,4,3,3
80,1507,4,3,3
80,1508,4,3,3
80,1509,4,3,3
80,1510,4,3,3
80,1511,4,3,3
80,1512,4,3,3
80,1513,4,3,3
80,1514,4,3,3
80,1515,4,3,3
80,1516,4,3,3
80,1517,4,3,3
80,1518,4,3,3
80,1519,4,3,3
80,1520,4,3,3
80,1521,4,3,3
80,1522,4,3,3
80,1523,4,3,3
80,1524,4,3,3
80,1525,4,3,3
80,1526,4,3,3
80,1527,4,3,3
80,1528,4,3,3
80,1529,4,3,3
80,1530,4,3,3
80,1531,4,3,3
80,1532,4,3,3
80,1533,4,3,3
80,1534,4,3,3
80,1535,4,3,3
80,1536,4,3,3
80,1537,4,3,3
80,1538,4,3,3
80,1539,4,3,3
80,1540,4,3,3
80,1541,4,3,3
80,1542,4,3,3
80,1543,4,3,3
80,1544,4,3,3
80,1545,4,3,3
80,1546,4,3,3
80,1547,4,3,3
80,1548,4,3,3
80,1549,4,3,3
80,1550,4,3,3
80,1551,4,3,3
80,1552,4,3,3
80,1553,4,3,3
80,1554,4,3,3
80,1555,4,3,3
80,1556,4,3,3
80,1557,4,3,3
80,1558,4,3,3
80,1559,4,3,3
80,1560,4,3,3
80,1561,4,3,3
80,1562,4,3,3
80,1563,4,3,3
80,1564,4,3,3
80,1565,4,3,3
80,1566,4,3,3
80,1567,4,3,3
80,1568,4,3,3
80,1569,4,3,3
80,1570,4,3,3
80,1571,4,3,3
80,1572,4,3,3
80,1573,4,3,3
80,1574,4,3,3
80,1575,4,3,3
80,1576,4,3,3
80,1577,4,3,3
80,1578,4,3,3
80,1579,4,3,3
80,1580,4,3,3
80,1581,4,3,3
80,1582,4,3,3
80,1583,4,3,3
80,1584,4,3,3
80,1585,4,3,3
80,1586,4,3,3
80,1587,4,3,3
80,1588,4,3,3
80,1589,4,3,3
80,1590,4,3,3
80,1591,4,3,3
80,1592,4,3,3
80,1593,4,3,3
80,1594,4,3,3
80,1595,4,3,3
80,1596,4,3,3
80,1597,4,3,3
80,1598,4,3,3
80,1599,4,3,3
80,1600,4,3,3
80,1601,4,3,3
80,1602,4,3,3
80,1603,4,3,3
80,1604,4,3,3
80,1605,4,3,3
80,1606,4,3,3
80,1607,4,3,3
80,1608,4,3,3
80,1609,4,3,3
80,1610,4,3,3
80,1611,4,3,3
80,1612,4,3,3
80,1613,4,3,3
80,1614,4,3,3
80,1615,4,3,3
80,1616,4,3,3
80,1617,4,3,3
80,1618,4,3,3
80,1619,4,3,3
80,1620,4,3,3
80,1621,4,3,3
80,1622,4,3,3
80,1623,4,3,3
80,1624,4,3,3
80,1625,4,3,3
80,1626,4,3,3
80,1627,4,3,3
80,1628,4,3,3
80,1629,4,3,3
80,1630,4,3,3
80,1631,4,3,3
80,1632,4,3,3
80,1633,4,3,3
80,1634,4,3,3
80,1635,4,3,3
80,1636,4,3,3
80,1637,4,3,3
80,1638,4,3,3
80,1639,4,3,3
80,1640,4,3,3
80,1641,4,3,3
80,1642,4,3,3
80,1643,4,3,3
80,1644,4,3,3
80,1645,4,3,3
80,1646,4,3,3
80,1647,4,3,3
80,1648,4,3,3
80,1649,4,3,3
80,1650,4,3,3
80,1651,4,3,3
80,1652,4,3,3
80,1653,4,3,3
80,1654,4,3,3
80,1655,4,3,3
80,1656,4,3,3
80,1657,4,3,3
80,1658,4,3,3
80,1659,4,3,3
80,1660,4,3,3
80,1661,4,3,3
80,1662,4,3,3
80,1663,4,3,3
80,1664,4,3,3
80,1665,4,3,3
80,1666,4,3,3
80,1667,4,3,3
80,1668,4,3,3
80,1669,4,3,3
80,1670,4,3,3
80,1671,4,3,3
80,1672,4,3,3
80,1673,4,3,3
80,1674,4,3,3
80,1675,4,3,3
80,1676,4,3,3
80,1677,4,3,3
80,1678,4,3,3
80,1679,4,3,3
80,1680,4,3,3
80,1681,4,3,3
80,1682,4,3,3
80,1683,4,3,3
80,1684,4,3,3
80,1685,4,3,3
80,1686,4,3,3
80,1687,4,3,3
80,1688,4,3,3
80,1689,4,3,3
80,1690,4,3,3
80,1691,4,3,3
80,1692,4,3,3
80,1693,4,3,3
80,1694,4,3,3
80,1695,4,3,3
80,1696,4,3,3
80,1697,4,3,3
80,1698,4,3,3
80,1699,4,3,3
80,1700,4,3,3
80,1701,4,3,3
80,1702,4,3,3
80,1703,4,3,3
80,1704,4,3,3
80,1705,4,3,3
80,1706,4,3,3
80,1707,4,3,3
80,1708,4,3,3
80,1709,4,3,3
80,1710,4,3,3
80,1711,4,3,3
80,1712,4,3,3
80,1713,4,3,3
80,1714,4,3,3
80,1715,4,3,3
80,1716,4,3,3
80,1717,4,3,3
80,1718,4,3,3
80,1719,4,3,3
80,1720,4,3,3
80,1721,4,3,3
80,1722,4,3,3
80,1723,4,3,3
80,1724,4,3,3
80,1725,4,3,3
80,1726,4,3,3
80,1727,4,3,3
80,1728,4,3,3
80,1729,4,3,3
80,1730,4,3,3
80,1731,4,3,3
80,1732,4,3,3
80,1733,4,3,3
80,1734,4,3,3
80,1735,4,3,3
80,1736,4,3,3
80,1737,4,3,3
80,1738,4,3,3
80,1739,4,3,3
80,1740,4,3,3
80,1741,4,3,3
80,1742,4,3,3
80,1743,4,3,3
80,1744,4,3,3
80,1745,4,3,3
80,1746,4,3,3
80,1747,4,3,3
80,1748,4,3,3
80,1749,4,3,3
80,1750,4,3,3
80,1751,4,3,3
80,1752,4,3,3
80,1753,4,3,3
80,1754,4,3,3
80,1755,4,3,3
80,1756,4,3,3
80,1757,4,3,3
80,1758,4,3,3
80,1759,4,3,3
80,1760,4,3,3
80,1761,4,3,3
80,1762,4,3,3
80,1763,4,3,3
80,1764,4,3,3
80,1765,4,3,3
80,1766,4,3,3
80,1767,4,3,3
80,1768,4,3,3
80,1769,4,3,3
80,1770,4,3,3
80,1771,4,3,3
80,1772,4,3,3
80,1773,4,3,3
80,1774,4,3,3
80,1775,4,3,3
80,1776,4,3,3
80,1777,4,3,3
80,1778,4,3,3
80,1779,4,3,3
80,1780,4,3,3
80,1781,4,3,3
80,1782,4,3,3
80,1783,4,3,3
80,1784,4,3,3
80,1785,4,3,3
80,1786,4,3,3
80,1787,4,3,3
80,1788,4,3,3
80,1789,4,3,3
80,1790,4,3,3
80,1791,4,3,3
80,1792,4,3,3
80,1793,4,3,3
80,1794,4,3,3
80,1795,4,3,3
80,1796,4,3,3
80,1797,4,3,3
80,1798,4,3,3
80,1799,4,3,3
80,1800,4,3,3
80,1801,4,3,3
80,1802,4,3,3
80,1803,4,3,3
80,1804,4,3,3
80,1805,4,3,3
80,1806,4,3,3
80,1807,4,3,3
80,1808,4,3,3
80,1809,4,3,3
80,1810,4,3,3
80,1811,4,3,3
80,1812,4,3,3
80,1813,4,3,3
80,1814,4,3,3
80,1815,4,3,3
80,1816,4,3,3
80,1817,4,3,3
80,1818,4,3,3
80,1819,4,3,3
80,1820,4,3,3
80,1821,4,3,3
80,1822,4,3,3
80,1823,4,3,3
80,1824,4,3,3
80,1825,4,3,3
80,1826,4,3,3
80,1827,4,3,3
80,1828,4,3,3
80,1829,4,3,3
80,1830,4,3,3
80,1831,4,3,3
80,1832,4,3,3
80,1833,4,3,3
80,1834,4,3,3
80,1835,4,3,3
80,1836,4,3,3
80,1837,4,3,3
80,1838,4,3,3
80,1839,4,3,3
80,1840,4,3,3
80,1841,4,3,3
80,1842,4,3,3
80,1843,4,3,3
80,1844,4,3,3
80,1845,4,3,3
80,1846,4,3,3
80,1847,4,3,3
80,1848,4,3,3
80,1849,4,3,3
80,1850,4,3,3
80,1851,4,3,3
80,1852,4,3,3
80,1853,4,3,3
80,1854,4,3,3
80,1855,4,3,3
80,1856,4,3,3
80,1857,4,3,3
80,1858,4,3,3
80,1859,4,3,3
80,1860,4,3,3
80,1861,4,3,3
80,1862,4,3,3
80,1863,4,3,3
80,1864,4,3,3
80,1865,4,3,3
80,1866,4,3,3
80,1867,4,3,3
80,1868,4,3,3
80,1869,4,3,3
80,1870,4,3,3
80,1871,4,3,3
80,1872,4,3,3
80,1873,4,3,3
80,1874,4,3,3
80,1875,4,3,3
80,1876,4,3,3
80,1877,4,3,3
80,1878,4,3,3
80,1879,4,3,3
80,1880,4,3,3
80,1881,4,3,3
80,1882,4,3,3
80,1883,4,3,3
80,1884,4,3,3
80,1885,4,3,3
80,1886,4,3,3
80,1887,4,3,3
80,1888,4,3,3
80,1889,4,3,3
80,1890,4,3,3
80,1891,4,3,3
80,1892,4,3,3
80,1893,4,3,3
80,1894,4,3,3
80,1895,4,3,3
80,1896,4,3,3
80,1897,4,3,3
80,1898,4,3,3
80,1899,4,3,3
80,1900,4,3,3
80,1901,4,3,3
80,1902,4,3,3
80,1903,4,3,3
80,1904,4,3,3
80,1905,4,3,3
80,1906,4,3,3
80,1907,4,3,3
80,1908,4,3,3
80,1909,4,3,3
80,1910,4,3,3
80,1911,4,3,3
80,1912,4,3,3
80,1913,4,3,3
80,1914,4,3,3
80,1915,4,3,3
80,1916,4,3,3
80,1917,4,3,3
80,1918,4,3,3
80,1919,4,3,3
80,1920,4,3,3
80,1921,4,3,3
80,1922,4,3,3
80,1923,4,3,3
80,1924,4,3,3
80,1925,4,3,3
80,1926,4,3,3
80,1927,4,3,3
80,1928,4,3,3
80,1929,4,3,3
80,1930,4,3,3
80,1931,4,3,3
80,1932,4,3,3
80,1933,4,3,3
80,1934,4,3,3
80,1935,4,3,3
80,1936,4,3,3
80,1937,4,3,3
80,1938,4,3,3
80,1939,4,3,3
80,1940,4,3,3
80,1941,4,3,3
80,1942,4,3,3
80,1943,4,3,3
80,1944,4,3,3
80,1945,4,3,3
80,1946,4,3,3
80,1947,4,3,3
80,1948,4,3,3
80,1949,4,3,3
80,1950,4,3,3
80,1951,4,3,3
80,1952,4,3,3
80,1953,4,3,3
80,1954,4,3,3
80,1955,4,3,3
80,1956,4,3,3
80,1957,4,3,3
80,1958,4,3,3
80,1959,4,3,3
80,1960,4,3,3
80,1961,4,3,3
80,1962,4,3,3
80,1963,4,3,3
80,1964,4,3,3
80,1965,4,3,3
80,1966,4,3,3
80,1967,4,3,3
80,1968,4,3,3
80,1969,4,3,3
80,1970,4,3,3
80,1971,4,3,3
80,1972,4,3,3
80,1973,4,3,3
80,1974,4,3,3
80,1975,4,3,3
80,1976,4,3,3
80,1977,4,3,3
80,1978,4,3,3
80,1979,4,3,3
80,1980,4,3,3
80,1981,4,3,3
80,1982,4,3,3
80,1983,4,3,3
80,1984,4,3,3
80,1985,4,3,3
80,1986,4,3,3
80,1987,4,3,3
80,1988,4,3,3
80,1989,4,3,3
80,1990,4,3,3
80,1991,4,3,3
80,1992,4,3,3
80,1993,4,3,3
80,1994,4,3,3
80,1995,4,3,3
80,1996,4,3,3
80,1997,4,3,3
80,1998,4,3,3
80,1999,4,3,3
80,2000,4,3,3
80,2001,4,3,3
80,2002,4,3,3
80,2003,4,3,3
80,2004,4,3,3
80,2005,4,3,3
80,2006,4,3,3
80,2007,4,3,3
80,2008,4,3,3
80,2009,4,3,3
80,2010,4,3,3
80,2011,4,3,3
80,2012,4,3,3
80,2013,4,3,3
80,2014,4,3,3
80,2015,4,3,3
80,2016,4,3,3
80,2017,4,3,3
80,2018,4,3,3
80,2019,4,3,3
80,2020,4,3,3
80,2021,4,3,3
80,2022,4,3,3
80,2023,4,3,3
80,2024,4,3,3
80,2025,4,3,3
80,2026,4,3,3
80,2027,4,3,3
80,2028,4,3,3
80,2029,4,3,3
80,2030,4,3,3
80,2031,4,3,3
80,2032,4,3,3
80,2033,4,3,3
80,2034,4,3,3
80,2035,4,3,3
80,2036,4,3,3
80,2037,4,3,3
80,2038,4,3,3
80,2039,4,3,3
80,2040,4,3,3
80,2041,4,3,3
80,2042,4,3,3
80,2043,4,3,3
80,2044,4,3,3
80,2045,4,3,3
80,2046,4,3,3
80,2047,4,3,3
80,2048,4,3,3
80,2049,4,3,3
80,2050,4,3,3
80,2051,4,3,3
80,2052,4,3,3
80,2053,4,3,3
80,2054,4,3,3
80,2055,4,3,3
80,2056,4,3,3
80,2057,4,3,3
80,2058,4,3,3
80,2059,4,3,3
80,2060,4,3,3
80,2061,4,3,3
80,2062,4,3,3
80,2063,4,3,3
80,2064,4,3,3
80,2065,4,3,3
80,2066,4,3,3
80,2067,4,3,3
80,2068,4,3,3
80,2069,4,3,3
80,2070,4,3,3
80,2071,4,3,3
80,2072,4,3,3
80,2073,4,3,3
80,2074,4,3,3
80,2075,4,3,3
80,2076,4,3,3
80,2077,4,3,3
80,2078,4,3,3
80,2079,4,3,3
80,2080,4,3,3
80,2081,4,3,3
80,2082,4,3,3
80,2083,4,3,3
80,2084,4,3,3
80,2085,4,3,3
80,2086,4,3,3
80,2087,4,3,3
80,2088,4,3,3
80,2089,4,3,3
80,2090,4,3,3
80,2091,4,3,3
80,2092,4,3,3
80,2093,4,3,3
80,2094,4,3,3
80,2095,4,3,3
80,2096,4,3,3
80,2097,4,3,3
80,2098,4,3,3
80,2099,4,3,3
80,2100,4,3,3
80,2101,4,3,3
80,2102,4,3,3
80,2103,4,3,3
80,2104,4,3,3
80,2105,4,3,3
80,2106,4,3,3
80,2107,4,3,3
80,2108,4,3,3
80,2109,4,3,3
80,2110,4,3,3
80,2111,4,3,3
80,2112,4,3,3
80,2113,4,3,3
80,2114,4,3,3
80,2115,4,3,3
80,2116,4,3,3
80,2117,4,3,3
80,2118,4,3,3
80,2119,4,3,3
80,2120,4,3,3
80,2121,4,3,3
80,2122,4,3,3
80,2123,4,3,3
80,2124,4,3,3
80,2125,4,3,3
80,2126,4,3,3
80,2127,4,3,3
80,2128,4,3,3
80,2129,4,3,3
80,2130,4,3,3
80,2131,4,3,3
80,2132,4,3,3
80,2133,4,3,3
80,2134,4,3,3
80,2135,4,3,3
80,2136,4,3,3
80,2137,4,3,3
80,2138,4,3,3
80,2139,4,3,3
80,2140,4,3,3
80,2141,4,3,3
80,2142,4,3,3
80,2143,4,3,3
80,2144,4,3,3
80,2145,4,3,3
80,2146,4,3,3
80,2147,4,3,3
80,2148,4,3,3
80,2149,4,3,3
80,2150,4,3,3
80,2151,4,3,3
80,2152,4,3,3
80,2153,4,3,3
80,2154,4,3,3
80,2155,4,3,3
80,2156,4,3,3
80,2157,4,3,3
80,2158,4,3,3
80,2159,4,3,3
80,2160,4,3,3
80,2161,4,3,3
80,2162,4,3,3
80,2163,4,3,3
80,2164,4,3,3
80,2165,4,3,3
80,2166,4,3,3
80,2167,4,3,3
80,2168,4,3,3
80,2169,4,3,3
80,2170,4,3,3
80,2171,4,3,3
80,2172,4,3,3
80,2173,4,3,3
80,2174,4,3,3
80,2175,4,3,3
80,2176,4,3,3
80,2177,4,3,3
80,2178,4,3,3
80,2179,4,3,3
80,2180,4,3,3
80,2181,4,3,3
80,2182,4,3,3
80,2183,4,3,3
80,2184,4,3,3
80,2185,4,3,3
80,2186,4,3,3
80,2187,4,3,3
80,2188,4,3,3
80,2189,4,3,3
80,2190,4,3,3
80,2191,4,3,3
80,2192,4,3,3
80,2193,4,3,3
80,2194,4,3,3
80,2195,4,3,3
80,2196,4,3,3
80,2197,4,3,3
80,2198,4,3,3
80,2199,4,3,3
80,2200,4,3,3
80,2201,4,3,3
80,2202,4,3,3
80,2203,4,3,3
80,2204,4,3,3
80,2205,4,3,3
80,2206,4,3,3
80,2207,4,3,3
80,2208,4,3,3
80,2209,4,3,3
80,2210,4,3,3
80,2211,4,3,3
80,2212,4,3,3
80,2213,4,3,3
80,2214,4,3,3
80,2215,4,3,3
80,2216,4,3,3
80,2217,4,3,3
80,2218,4,3,3
80,2219,4,3,3
80,2220,4,3,3
80,2221,4,3,3
80,2222,4,3,3
80,2223,4,3,3
80,2224,4,3,3
80,2225,4,3,3
80,2226,4,3,3
80,2227,4,3,3
80,2228,4,3,3
80,2229,4,3,3
80,2230,4,3,3
80,2231,4,3,3
80,2232,4,3,3
80,2233,4,3,3
80,2234,4,3,3
80,2235,4,3,3
80,2236,4,3,3
80,2237,4,3,3
80,2238,4,3,3
80,2239,4,3,3
80,2240,4,3,3
80,2241,4,3,3
80,2242,4,3,3
80,2243,4,3,3
80,2244,4,3,3
80,2245,4,3,3
80,2246,4,3,3
80,2247,4,3,3
80,2248,4,3,3
80,2249,4,3,3
80,2250,4,3,3
80,2251,4,3,3
80,2252,4,3,3
80,2253,4,3,3
80,2254,4,3,3
80,2255,4,3,3
80,2256,4,3,3
80,2257,4,3,3
80,2258,4,3,3
80,2259,4,3,3
80,2260,4,3,3
80,2261,4,3,3
80,2262,4,3,3
80,2263,4,3,3
80,2264,4,3,3
80,2265,4,3,3
80,2266,4,3,3
80,2267,4,3,3
80,2268,4,3,3
80,2269,4,3,3
80,2270,4,3,3
80,2271,4,3,3
80,2272,4,3,3
80,2273,4,3,3
80,2274,4,3,3
80,2275,4,3,3
80,2276,4,3,3
80,2277,4,3,3
80,2278,4,3,3
80,2279,4,3,3
80,2280,4,3,3
80,2281,4,3,3
80,2282,4,3,3
80,2283,4,3,3
80,2284,4,3,3
80,2285,4,3,3
80,2286,4,3,3
80,2287,4,3,3
80,2288,4,3,3
80,2289,4,3,3
80,2290,4,3,3
80,2291,4,3,3
80,2292,4,3,3
80,2293,4,3,3
80,2294,4,3,3
80,2295,4,3,3
80,2296,4,3,3
80,2297,4,3,3
80,2298,4,3,3
80,2299,4,3,3
80,2300,4,3,3
80,2301,4,3,3
80,2302,4,3,3
80,2303,4,3,3
80,2304,4,3,3
80,2305,4,3,3
80,2306,4,3,3
80,2307,4,3,3
80,2308,4,3,3
80,2309,4,3,3
80,2310,4,3,3
80,2311,4,3,3
80,2312,4,3,3
80,2313,4,3,3
80,2314,4,3,3
80,2315,4,3,3
80,2316,4,3,3
80,2317,4,3,3
80,2318,4,3,3
80,2319,4,3,3
80,2320,4,3,3
80,2321,4,3,3
80,2322,4,3,3
80,2323,4,3,3
80,2324,4,3,3
80,2325,4,3,3
80,2326,4,3,3
80,2327,4,3,3
80,2328,4,3,3
80,2329,4,3,3
80,2330,4,3,3
80,2331,4,3,3
80,2332,4,3,3
80,2333,4,3,3
80,2334,4,3,3
80,2335,4,3,3
80,2336,4,3,3
80,2337,4,3,3
80,2338,4,3,3
80,2339,4,3,3
80,2340,4,3,3
80,2341,4,3,3
80,2342,4,3,3
80,2343,4,3,3
80,2344,4,3,3
80,2345,4,3,3
80,2346,4,3,3
80,2347,4,3,3
80,2348,4,3,3
80,2349,4,3,3
80,2350,4,3,3
80,2351,4,3,3
80,2352,4,3,3
80,2353,4,3,3
80,2354,4,3,3
80,2355,4,3,3
80,2356,4,3,3
80,2357,4,3,3
80,2358,4,3,3
80,2359,4,3,3
80,2360,4,3,3
80,2361,4,3,3
80,2362,4,3,3
80,2363,4,3,3
80,2364,4,3,3
80,2365,4,3,3
80,2366,4,3,3
80,2367,4,3,3
80,2368,4,3,3
80,2369,4,3,3
80,2370,4,3,3
80,2371,4,3,3
80,2372,4,3,3
80,2373,4,3,3
80,2374,4,3,3
80,2375,4,3,3
80,2376,4,3,3
80,2377,4,3,3
80,2378,4,3,3
80,2379,4,3,3
80,2380,4,3,3
80,2381,4,3,3
80,2382,4,3,3
80,2383,4,3,3
80,2384,4,3,3
80,2385,4,3,3
80,2386,4,3,3
80,2387,4,3,3
80,2388,4,3,3
80,2389,4,3,3
80,2390,4,3,3
80,2391,4,3,3
80,2392,4,3,3
80,2393,4,3,3
80,2394,4,3,3
80,2395,4,3,3
80,2396,4,3,3
80,2397,4,3,3
80,2398,4,3,3
80,2399,4,3,3
80,2400,4,3,3
80,2401,4,3,3
80,2402,4,3,3
80,2403,4,3,3
80,2404,4,3,3
80,2405,4,3,3
80,2406,4,3,3
80,2407,4,3,3
80,2408,4,3,3
80,2409,4,3,3
80,2410,4,3,3
80,2411,4,3,3
80,2412,4,3,3
80,2413,4,3,3
80,2414,4,3,3
80,2415,4,3,3
80,2416,4,3,3
80,2417,4,3,3
80,2418,4,3,3
80,2419,4,3,3
80,2420,4,3,3
80,2421,4,3,3
80,2422,4,3,3
80,2423,4,3,3
80,2424,4,3,3
80,2425,4,3,3
80,2426,4,3,3
80,2427,4,3,3
80,2428,4,3,3
80,2429,4,3,3
80,2430,4,3,3
80,2431,4,3,3
80,2432,4,3,3
80,2433,4,3,3
80,2434,4,3,3
80,2435,4,3,3
80,2436,4,3,3
80,2437,4,3,3
80,2438,4,3,3
80,2439,4,3,3
80,2440,4,3,3
80,2441,4,3,3
80,2442,4,3,3
80,2443,4,3,3
80,2444,4,3,3
80,2445,4,3,3
80,2446,4,3,3
80,2447,4,3,3
80,2448,4,3,3
80,2449,4,3,3
80,2450,4,3,3
80,2451,4,3,3
80,2452,4,3,3
80,2453,4,3,3
80,2454,4,3,3
80,2455,4,3,3
80,2456,4,3,3
80,2457,4,3,3
80,2458,4,3,3
80,2459,4,3,3
80,2460,4,3,3
80,2461,4,3,3
80,2462,4,3,3
80,2463,4,3,3
80,2464,4,3,3
80,2465,4,3,3
80,2466,4,3,3
80,2467,4,3,3
80,2468,4,3,3
80,2469,4,3,3
80,2470,4,3,3
80,2471,4,3,3
80,2472,4,3,3
80,2473,4,3,3
80,2474,4,3,3
80,2475,4,3,3
80,2476,4,3,3
80,2477,4,3,3
80,2478,4,3,3
80,2479,4,3,3
80,2480,4,3,3
80,2481,4,3,3
80,2482,4,3,3
80,2483,4,3,3
80,2484,4,3,3
80,2485,4,3,3
80,2486,4,3,3
80,2487,4,3,3
80,2488,4,3,3
80,2489,4,3,3
80,2490,4,3,3
80,2491,4,3,3
80,2492,4,3,3
80,2493,4,3,3
80,2494,4,3,3
80,2495,4,3,3
80,2496,4,3,3
80,2497,4,3,3
80,2498,4,3,3
80,2499,4,3,3
80,2500,4,3,3
80,2501,4,3,3
80,2502,4,3,3
80,2503,4,3,3
80,2504,4,3,3
80,2505,4,3,3
80,2506,4,3,3
80,2507,4,3,3
80,2508,4,3,3
80,2509,4,3,3
80,2510,4,3,3
80,2511,4,3,3
80,2512,4,3,3
80,2513,4,3,3
80,2514,4,3,3
80,2515,4,3,3
80,2516,4,3,3
80,2517,4,3,3
80,2518,4,3,3
80,2519,4,3,3
80,2520,4,3,3
80,2521,4,3,3
80,2522,4,3,3
80,2523,4,3,3
80,2524,4,3,3
80,2525,4,3,3
80,2526,4,3,3
80,2527,4,3,3
80,2528,4,3,3
80,2529,4,3,3
80,2530,4,3,3
80,2531,4,3,3
80,2532,4,3,3
80,2533,4,3,3
80,2534,4,3,3
80,2535,4,3,3
80,2536,4,3,3
80,2537,4,3,3
80,2538,4,3,3
80,2539,4,3,3
80,2540,4,3,3
80,2541,4,3,3
80,2542,4,3,3
80,2543,4,3,3
80,2544,4,3,3
80,2545,4,3,3
80,2546,4,3,3
80,2547,4,3,3
80,2548,4,3,3
80,2549,4,3,3
80,2550,4,3,3
80,2551,4,3,3
80,2552,4,3,3
80,2553,4,3,3
80,2554,4,3,3
80,2555,4,3,3
80,2556,4,3,3
80,2557,4,3,3
80,2558,4,3,3
80,2559,4,3,3
80,2560,4,3,3
80,2561,4,3,3
80,2562,4,3,3
80,2563,4,3,3
80,2564,4,3,3
80,2565,4,3,3
80,2566,4,3,3
80,2567,4,3,3
80,2568,4,3,3
80,2569,4,3,3
80,2570,4,3,3
80,2571,4,3,3
80,2572,4,3,3
80,2573,4,3,3
80,2574,4,3,3
80,2575,4,3,3
80,2576,4,3,3
80,2577,4,3,3
80,2578,4,3,3
80,2579,4,3,3
80,2580,4,3,3
80,2581,4,3,3
80,2582,4,3,3
80,2583,4,3,3
80,2584,4,3,3
80,2585,4,3,3
80,2586,4,3,3
80,2587,4,3,3
80,2588,4,3,3
80,2589,4,3,3
80,2590,4,3,3
80,2591,4,3,3
80,2592,4,3,3
80,2593,4,3,3
80,2594,4,3,3
80,2595,4,3,3
80,2596,4,3,3
80,2597,4,3,3
80,2598,4,3,3
80,2599,4,3,3
80,2600,4,3,3
80,2601,4,3,3
80,2602,4,3,3
80,2603,4,3,3
80,2604,4,3,3
80,2605,4,3,3
80,2606,4,3,3
80,2607,4,3,3
80,2608,4,3,3
80,2609,4,3,3
80,2610,4,3,3
80,2611,4,3,3
80,2612,4,3,3
80,2613,4,3,3
80,2614,4,3,3
80,2615,4,3,3
80,2616,4,3,3
80,2617,4,3,3
80,2618,4,3,3
80,2619,4,3,3
80,2620,4,3,3
80,2621,4,3,3
80,2622,4,3,3
80,2623,4,3,3
80,2624,4,3,3
80,2625,4,3,3
80,2626,4,3,3
80,2627,4,3,3
80,2628,4,3,3
80,2629,4,3,3
80,2630,4,3,3
80,2631,4,3,3
80,2632,4,3,3
80,2633,4,3,3
80,2634,4,3,3
80,2635,4,3,3
80,2636,4,3,3
80,2637,4,3,3
80,2638,4,3,3
80,2639,4,3,3
80,2640,4,3,3
80,2641,4,3,3
80,2642,4,3,3
80,2643,4,3,3
80,2644,4,3,3
80,2645,4,3,3
80,2646,4,3,3
80,2647,4,3,3
80,2648,4,3,3
80,2649,4,3,3
80,2650,4,3,3
80,2651,4,3,3
80,2652,4,3,3
80,2653,4,3,3
80,2654,4,3,3
80,2655,4,3,3
80,2656,4,3,3
80,2657,4,3,3
80,2658,4,3,3
80,2659,4,3,3
80,2660,4,3,3
80,2661,4,3,3
80,2662,4,3,3
80,2663,4,3,3
80,2664,4,3,3
80,2665,4,3,3
80,2666,4,3,3
80,2667,4,3,3
80,2668,4,3,3
80,2669,4,3,3
80,2670,4,3,3
80,2671,4,3,3
80,2672,4,3,3
80,2673,4,3,3
80,2674,4,3,3
80,2675,4,3,3
80,2676,4,3,3
80,2677,4,3,3
80,2678,4,3,3
80,2679,4,3,3
80,2680,4,3,3
80,2681,4,3,3
80,2682,4,3,3
80,2683,4,3,3
80,2684,4,3,3
80,2685,4,3,3
80,2686,4,3,3
80,2687,4,3,3
80,2688,4,3,3
80,2689,4,3,3
80,2690,4,3,3
80,2691,4,3,3
80,2692,4,3,3
80,2693,4,3,3
80,2694,4,3,3
80,2695,4,3,3
80,2696,4,3,3
80,2697,4,3,3
80,2698,4,3,3
80,2699,4,3,3
80,2700,4,3,3
80,2701,4,3,3
80,2702,4,3,3
80,2703,4,3,3
80,2704,4,3,3
80,2705,4,3,3
80,2706,4,3,3
80,2707,4,3,3
80,2708,4,3,3
80,2709,4,3,3
80,2710,4,3,3
80,2711,4,3,3
80,2712,4,3,3
80,2713,4,3,3
80,2714,4,3,3
80,2715,4,3,3
80,2716,4,3,3
80,2717,4,3,3
80,2718,4,3,3
80,2719,4,3,3
80,2720,4,3,3
80,2721,4,3,3
80,2722,4,3,3
80,2723,4,3,3
80,2724,4,3,3
80,2725,4,3,3
80,2726,4,3,3
80,2727,4,3,3
80,2728,4,3,3
80,2729,4,3,3
80,2730,4,3,3
80,2731,4,3,3
80,2732,4,3,3
80,2733,4,3,3
80,2734,4,3,3
80,2735,4,3,3
80,2736,4,3,3
80,2737,4,3,3
80,2738,4,3,3
80,2739,4,3,3
80,2740,4,3,3
80,2741,4,3,3
80,2742,4,3,3
80,2743,4,3,3
80,2744,4,3,3
80,2745,4,3,3
80,2746,4,3,3
80,2747,4,3,3
80,2748,4,3,3
80,2749,4,3,3
80,2750,4,3,3
80,2751,4,3,3
80,2752,4,3,3
80,2753,4,3,3
80,2754,4,3,3
80,2755,4,3,3
80,2756,4,3,3
80,2757,4,3,3
80,2758,4,3,3
80,2759,4,3,3
80,2760,4,3,3
80,2761,4,3,3
80,2762,4,3,3
80,2763,4,3,3
80,2764,4,3,3
80,2765,4,3,3
80,2766,4,3,3
80,2767,4,3,3
80,2768,4,3,3
80,2769,4,3,3
80,2770,4,3,3
80,2771,4,3,3
80,2772,4,3,3
80,2773,4,3,3
80,2774,4,3,3
80,2775,4,3,3
80,2776,4,3,3
80,2777,4,3,3
80,2778,4,3,3
80,2779,4,3,3
80,2780,4,3,3
80,2781,4,3,3
80,2782,4,3,3
80,2783,4,3,3
80,2784,4,3,3
80,2785,4,3,3
80,2786,4,3,3
80,2787,4,3,3
80,2788,4,3,3
80,2789,4,3,3
80,2790,4,3,3
80,2791,4,3,3
80,2792,4,3,3
80,2793,4,3,3
80,2794,4,3,3
80,2795,4,3,3
80,2796,4,3,3
80,2797,4,3,3
80,2798,4,3,3
80,2799,4,3,3
80,2800,4,3,3
80,2801,4,3,3
80,2802,4,3,3
80,2803,4,3,3
80,2804,4,3,3
80,2805,4,3,3
80,2806,4,3,3
80,2807,4,3,3
80,2808,4,3,3
80,2809,4,3,3
80,2810,4,3,3
80,2811,4,3,3
80,2812,4,3,3
80,2813,4,3,3
80,2814,4,3,3
80,2815,4,3,3
80,2816,4,3,3
80,2817,4,3,3
80,2818,4,3,3
80,2819,4,3,3
80,2820,4,3,3
80,2821,4,3,3
80,2822,4,3,3
80,2823,4,3,3
80,2824,4,3,3
80,2825,4,3,3
80,2826,4,3,3
80,2827,4,3,3
80,2828,4,3,3
80,2829,4,3,3
80,2830,4,3,3
80,2831,4,3,3
80,2832,4,3,3
80,2833,4,3,3
80,2834,4,3,3
80,2835,4,3,3
80,2836,4,3,3
80,2837,4,3,3
80,2838,4,3,3
80,2839,4,3,3
80,2840,4,3,3
80,2841,4,3,3
80,2842,4,3,3
80,2843,4,3,3
80,2844,4,3,3
80,2845,4,3,3
80,2846,4,3,3
80,2847,4,3,3
80,2848,4,3,3
80,2849,4,3,3
80,2850,4,3,3
80,2851,4,3,3
80,2852,4,3,3
80,2853,4,3,3
80,2854,4,3,3
80,2855,4,3,3
80,2856,4,3,3
80,2857,4,3,3
80,2858,4,3,3
80,2859,4,3,3
80,2860,4,3,3
80,2861,4,3,3
80,2862,4,3,3
80,2863,4,3,3
80,2864,4,3,3
80,2865,4,3,3
80,2866,4,3,3
80,2867,4,3,3
80,2868,4,3,3
80,2869,4,3,3
80,2870,4,3,3
80,2871,4,3,3
80,2872,4,3,3
80,2873,4,3,3
80,2874,4,3,3
80,2875,4,3,3
80,2876,4,3,3
80,2877,4,3,3
80,2878,4,3,3
80,2879,4,3,3
80,2880,4,3,3
80,2881,4,3,3
80,2882,4,3,3
80,2883,4,3,3
80,2884,4,3,3
80,2885,4,3,3
80,2886,4,3,3
80,2887,4,3,3
80,2888,4,3,3
80,2889,4,3,3
80,2890,4,3,3
80,2891,4,3,3
80,2892,4,3,3
80,2893,4,3,3
80,2894,4,3,3
80,2895,4,3,3
80,2896,4,3,3
80,2897,4,3,3
80,2898,4,3,3
80,2899,4,3,3
80,2900,4,3,3
80,2901,4,3,3
80,2902,4,3,3
80,2903,4,3,3
80,2904,4,3,3
80,2905,4,3,3
80,2906,4,3,3
80,2907,4,3,3
80,2908,4,3,3
80,2909,4,3,3
80,2910,4,3,3
80,2911,4,3,3
80,2912,4,3,3
80,2913,4,3,3
80,2914,4,3,3
80,2915,4,3,3
80,2916,4,3,3
80,2917,4,3,3
80,2918,4,3,3
80,2919,4,3,3
80,2920,4,3,3
80,2921,4,3,3
80,2922,4,3,3
80,2923,4,3,3
80,2924,4,3,3
80,2925,4,3,3
80,2926,4,3,3
80,2927,4,3,3
80,2928,4,3,3
80,2929,4,3,3
80,2930,4,3,3
80,2931,4,3,3
80,2932,4,3,3
80,2933,4,3,3
80,2934,4,3,3
80,2935,4,3,3
80,2936,4,3,3
80,2937,4,3,3
80,2938,4,3,3
80,2939,4,3,3
80,2940,4,3,3
80,2941,4,3,3
80,2942,4,3,3
80,2943,4,3,3
80,2944,4,3,3
80,2945,4,3,3
80,2946,4,3,3
80,2947,4,3,3
80,2948,4,3,3
80,2949,4,3,3
80,2950,4,3,3
80,2951,4,3,3
80,2952,4,3,3
80,2953,4,3,3
80,2954,4,3,3
80,2955,4,3,3
80,2956,4,3,3
80,2957,4,3,3
80,2958,4,3,3
80,2959,4,3,3
80,2960,4,3,3
80,2961,5,3,3
80,2962,4,3,3
80,2963,4,3,3
80,2964,4,3,3
80,2965,4,3,3
80,2966,4,3,3
80,2967,4,3,3
80,2968,4,3,3
80,2969,4,3,3
80,2970,4,3,3
80,2971,4,3,3
80,2972,4,3,3
80,2973,4,3,3
80,2974,4,3,3
80,2975,4,3,3
80,2976,4,3,3
80,2977,4,3,3
80,2978,4,3,3
80,2979,4,3,3
80,2980,4,3,3
80,2981,4,3,3
80,2982,4,3,3
80,2983,4,3,3
80,2984,4,3,3
80,2985,4,3,3
80,2986,4,3,3
80,2987,4,3,3
80,2988,4,3,3
80,2989,4,3,3
80,2990,4,3,3
80,2991,4,3,3
80,2992,4,3,3
80,2993,4,3,3
80,2994,4,3,3
80,2995,4,3,3
80,2996,4,3,3
80,2997,4,3,3
80,2998,4,3,3
80,2999,4,3,3
80,3000,4,3,3
80,3001,4,3,3
80,3002,4,3,3
80,3003,4,3,3
80,3004,4,3,3
80,3005,4,3,3
80,3006,4,3,3
80,3007,4,3,3
80,3008,4,3,3
80,3009,4,3,3
80,3010,4,3,3
80,3011,4,3,3
80,3012,4,3,3
80,3013,4,3,3
80,3014,4,3,3
80,3015,4,3,3
80,3016,4,3,3
80,3017,4,3,3
80,3018,4,3,3
80,3019,4,3,3
80,3020,4,3,3
80,3021,4,3,3
80,3022,4,3,3
80,3023,4,3,3
80,3024,4,3,3
80,3025,4,3,3
80,3026,4,3,3
80,3027,4,3,3
80,3028,4,3,3
80,3029,4,3,3
80,3030,4,3,3
80,3031,4,3,3
80,3032,4,3,3
80,3033,4,3,3
80,3034,4,3,3
80,3035,4,3,3
80,3036,4,3,3
80,3037,4,3,3
80,3038,4,3,3
80,3039,4,3,3
80,3040,4,3,3
80,3041,4,3,3
80,3042,4,3,3
80,3043,4,3,3
80,3044,4,3,3
80,3045,4,3,3
80,3046,4,3,3
80,3047,4,3,3
80,3048,4,3,3
80,3049,4,3,3
80,3050,4,3,3
80,3051,4,3,3
80,3052,4,3,3
80,3053,4,3,3
80,3054,4,3,3
80,3055,4,3,3
80,3056,4,3,3
80,3057,4,3,3
80,3058,4,3,3
80,3059,4,3,3
80,3060,4,3,3
80,3061,4,3,3
80,3062,4,3,3
80,3063,4,3,3
80,3064,4,3,3
80,3065,4,3,3
80,3066,4,3,3
80,3067,4,3,3
80,3068,4,3,3
80,3069,4,3,3
80,3070,4,3,3
80,3071,4,3,3
80,3072,4,3,3
80,3073,4,3,3
80,3074,4,3,3
80,3075,4,3,3
80,3076,4,3,3
80,3077,4,3,3
80,3078,4,3,3
80,3079,4,3,3
80,3080,4,3,3
80,3081,4,3,3
80,3082,4,3,3
80,3083,4,3,3
80,3084,4,3,3
80,3085,4,3,3
80,3086,4,3,3
80,3087,4,3,3
80,3088,4,3,3
80,3089,4,3,3
80,3090,4,3,3
80,3091,4,3,3
80,3092,4,3,3
80,3093,4,3,3
80,3094,4,3,3
80,3095,4,3,3
80,3096,4,3,3
80,3097,4,3,3
80,3098,4,3,3
80,3099,4,3,3
80,3100,4,3,3
80,3101,4,3,3
80,3102,4,3,3
80,3103,4,3,3
80,3104,4,3,3
80,3105,4,3,3
80,3106,4,3,3
80,3107,4,3,3
80,3108,4,3,3
80,3109,4,3,3
80,3110,4,3,3
80,3111,4,3,3
80,3112,4,3,3
80,3113,4,3,3
80,3114,4,3,3
80,3115,4,3,3
80,3116,4,3,3
80,3117,4,3,3
80,3118,4,3,3
80,3119,4,3,3
80,3120,4,3,3
80,3121,4,3,3
80,3122,4,3,3
80,3123,4,3,3
80,3124,4,3,3
80,3125,4,3,3
80,3126,4,3,3
80,3127,4,3,3
80,3128,4,3,3
80,3129,4,3,3
80,3130,4,3,3
80,3131,4,3,3
80,3132,4,3,3
80,3133,4,3,3
80,3134,4,3,3
80,3135,4,3,3
80,3136,4,3,3
80,3137,4,3,3
80,3138,4,3,3
80,3139,4,3,3
80,3140,4,3,3
80,3141,4,3,3
80,3142,4,3,3
80,3143,4,3,3
80,3144,4,3,3
80,3145,4,3,3
80,3146,4,3,3
80,3147,4,3,3
80,3148,4,3,3
80,3149,4,3,3
80,3150,4,3,3
80,3151,4,3,3
80,3152,4,3,3
80,3153,4,3,3
80,3154,4,3,3
80,3155,4,3,3
80,3156,4,3,3
80,3157,4,3,3
80,3158,4,3,3
80,3159,4,3,3
80,3160,4,3,3
80,3161,4,3,3
80,3162,4,3,3
80,3163,4,3,3
80,3164,4,3,3
80,3165,4,3,3
80,3166,4,3,3
80,3167,4,3,3
80,3168,4,3,3
80,3169,4,3,3
80,3170,4,3,3
80,3171,4,3,3
80,3172,4,3,3
80,3173,4,3,3
80,3174,4,3,3
80,3175,4,3,3
80,3176,4,3,3
80,3177,4,3,3
80,3178,4,3,3
80,3179,4,3,3
80,3180,4,3,3
80,3181,4,3,3
80,3182,4,3,3
80,3183,4,3,3
80,3184,4,3,3
80,3185,4,3,3
80,3186,4,3,3
80,3187,4,3,3
80,3188,4,3,3
80,3189,4,3,3
80,3190,4,3,3
80,3191,4,3,3
80,3192,4,3,3
80,3193,4,3,3
80,3194,4,3,3
80,3195,4,3,3
80,3196,4,3,3
80,3197,4,3,3
80,3198,4,3,3
80,3199,4,3,3
80,3200,4,3,3
125,3201,6,7,6
125,3202,6,7,6
125,3203,6,7,6
125,3204,6,7,6
125,3205,6,7,6
125,3206,6,7,6
125,3207,6,7,6
125,3208,6,7,6
125,3209,6,7,6
125,3210,6,7,6
125,3211,6,7,6
125,3212,6,7,6
125,3213,6,7,6
125,3214,6,7,6
125,3215,6,7,6
125,3216,6,7,6
125,3217,6,7,6
125,3218,6,7,6
125,3219,6,7,6
125,3220,6,7,6
125,3221,6,7,6
125,3222,6,7,6
125,3223,6,7,6
125,3224,6,7,6
125,3225,6,7,6
125,3226,6,7,6
125,3227,6,7,6
125,3228,6,7,6
125,3229,6,7,6
125,3230,6,7,6
125,3231,6,7,6
125,3232,6,7,6
125,3233,6,7,6
125,3234,6,7,6
125,3235,6,7,6
125,3236,6,8,6
125,3237,6,7,6
125,3238,6,7,6
125,3239,6,7,6
125,3240,6,8,6
125,3241,6,7,6
125,3242,6,7,6
125,3243,6,7,6
125,3244,6,7,6
125,3245,6,7,6
125,3246,6,7,6
125,3247,6,7,6
125,3248,6,7,6
125,3249,6,7,6
125,3250,6,7,6
125,3251,6,7,6
125,3252,6,7,6
125,3253,6,7,6
125,3254,6,7,6
125,3255,6,7,6
125,3256,6,7,6
125,3257,6,7,6
125,3258,6,7,6
125,3259,6,7,6
125,3260,6,7,6
125,3261,6,7,6
125,3262,6,7,6
125,3263,6,7,6
125,3264,6,7,6
125,3265,6,7,6
125,3266,6,7,6
125,3267,6,7,6
125,3268,6,7,6
125,3269,6,7,6
125,3270,6,7,6
125,3271,6,7,6
125,3272,6,7,6
125,3273,6,7,6
125,3274,6,7,6
125,3275,6,7,6
125,3276,6,7,6
125,3277,6,7,6
125,3278,6,7,6
125,3279,6,7,6
125,3280,6,7,6
125,3281,6,7,6
125,3282,6,7,6
125,3283,6,7,6
125,3284,6,7,6
125,3285,6,7,6
125,3286,6,7,6
125,3287,6,7,6
125,3288,6,7,6
125,3289,6,7,6
125,3290,6,7,6
125,3291,6,7,6
125,3292,6,7,6
125,3293,6,7,6
125,3294,6,7,6
125,3295,6,7,6
125,3296,6,7,6
125,3297,6,7,6
125,3298,6,7,6
125,3299,6,7,6
125,3300,6,7,6
125,3301,6,7,6
125,3302,6,7,6
125,3303,6,7,6
125,3304,6,7,6
125,3305,6,7,6
125,3306,6,7,6
125,3307,6,7,6
125,3308,6,7,6
125,3309,6,7,6
125,3310,6,7,6
125,3311,6,7,6
125,3312,6,7,6
125,3313,6,7,6
125,3314,6,7,6
125,3315,6,7,6
125,3316,6,7,6
125,3317,6,7,6
125,3318,6,7,6
125,3319,6,7,6
125,3320,6,7,6
125,3321,6,7,6
125,3322,6,7,6
125,3323,6,7,6
125,3324,6,7,6
125,3325,6,7,6
125,3326,6,7,6
125,3327,6,7,6
125,3328,6,7,6
125,3329,6,7,6
125,3330,6,7,6
125,3331,6,7,6
125,3332,6,7,6
125,3333,6,7,6
125,3334,6,7,6
125,3335,6,7,6
125,3336,6,7,6
125,3337,6,7,6
125,3338,6,7,6
125,3339,6,7,6
125,3340,6,7,6
125,3341,6,7,6
125,3342,6,7,6
125,3343,6,7,6
125,3344,6,7,6
125,3345,6,7,6
125,3346,6,7,6
125,3347,6,7,6
125,3348,6,7,6
125,3349,6,7,6
125,3350,6,7,6
125,3351,6,7,6
125,3352,6,7,6
125,3353,6,7,6
125,3354,6,7,6
125,3355,6,7,6
125,3356,6,7,6
125,3357,6,7,6
125,3358,6,7,6
125,3359,6,7,6
125,3360,6,7,6
125,3361,6,7,6
125,3362,6,7,6
125,3363,6,7,6
125,3364,6,7,6
125,3365,6,7,6
125,3366,6,7,6
125,3367,6,7,6
125,3368,6,7,6
125,3369,6,7,6
125,3370,6,7,6
125,3371,6,7,6
125,3372,6,7,6
125,3373,6,7,6
125,3374,6,7,6
125,3375,6,7,6
125,3376,6,7,6
125,3377,6,7,6
125,3378,6,7,6
125,3379,6,7,6
125,3380,6,7,6
125,3381,6,7,6
125,3382,6,7,6
125,3383,6,7,6
125,3384,6,7,6
125,3385,6,7,6
125,3386,6,7,6
125,3387,6,7,6
125,3388,6,7,6
125,3389,6,7,6
125,3390,6,7,6
125,3391,6,7,6
125,3392,6,7,6
125,3393,6,7,6
125,3394,6,7,6
125,3395,6,7,6
125,3396,6,7,6
125,3397,6,7,6
125,3398,6,7,6
125,3399,6,7,6
125,3400,6,7,6
125,3401,6,7,6
125,3402,6,7,6
125,3403,6,7,6
125,3404,6,7,6
125,3405,6,7,6
125,3406,6,7,6
125,3407,6,7,6
125,3408,6,7,6
125,3409,6,7,6
125,3410,6,7,6
125,3411,6,7,6
125,3412,6,7,6
125,3413,6,7,6
125,3414,6,7,6
125,3415,6,7,6
125,3416,6,7,6
125,3417,6,7,6
125,3418,6,7,6
125,3419,6,7,6
125,3420,6,7,6
125,3421,6,7,6
125,3422,125,7,7
125,3423,6,7,6
125,3424,125,7,7
125,3425,125,7,7
125,3426,6,7,6
125,3427,125,7,7
125,3428,6,7,6
125,3429,125,7,7
125,3430,6,7,6
125,3431,125,7,7
125,3432,6,7,6
125,3433,6,7,6
125,3434,6,7,6
125,3435,6,7,6
125,3436,6,7,6
125,3437,125,7,7
125,3438,6,7,6
125,3439,6,7,6
125,3440,6,7,6
125,3441,6,7,6
125,3442,6,7,6
125,3443,6,7,6
125,3444,6,7,6
125,3445,6,7,6
125,3446,6,7,6
125,3447,6,7,6
125,3448,6,7,6
125,3449,6,7,6
125,3450,6,7,6
125,3451,6,7,6
125,3452,6,7,6
125,3453,6,7,6
125,3454,6,7,6
125,3455,6,7,6
125,3456,6,7,6
125,3457,6,7,6
125,3458,6,7,6
125,3459,6,7,6
125,3460,6,7,6
125,3461,6,7,6
125,3462,6,7,6
125,3463,6,7,6
125,3464,6,7,6
125,3465,6,7,6
125,3466,6,7,6
125,3467,6,7,6
125,3468,6,7,6
125,3469,6,7,6
125,3470,6,7,6
125,3471,6,7,6
125,3472,6,7,6
125,3473,6,7,6
125,3474,6,7,6
125,3475,6,7,6
125,3476,6,7,6
125,3477,6,7,6
125,3478,6,7,6
125,3479,6,7,6
125,3480,6,7,6
125,3481,6,7,6
125,3482,6,7,6
125,3483,6,7,6
125,3484,6,7,6
125,3485,6,7,6
125,3486,6,7,6
125,3487,6,7,6
125,3488,6,7,6
125,3489,6,7,6
125,3490,6,7,6
125,3491,6,7,6
125,3492,6,7,6
125,3493,6,7,6
125,3494,6,7,6
125,3495,6,7,6
125,3496,6,7,6
125,3497,6,7,6
125,3498,6,7,6
125,3499,6,7,6
125,3500,6,7,6
125,3501,6,7,6
125,3502,6,7,6
125,3503,6,7,6
125,3504,6,7,6
125,3505,6,7,6
125,3506,6,7,6
125,3507,6,7,6
125,3508,6,7,6
125,3509,6,7,6
125,3510,6,7,6
125,3511,6,7,6
125,3512,6,7,6
125,3513,6,7,6
125,3514,6,7,6
125,3515,6,7,6
125,3516,6,7,6
125,3517,6,7,6
125,3518,6,7,6
125,3519,6,7,6
125,3520,6,7,6
125,3521,6,7,6
125,3522,6,7,6
125,3523,6,7,6
125,3524,6,7,6
125,3525,6,7,6
125,3526,6,7,6
125,3527,6,7,6
125,3528,6,7,6
125,3529,6,7,6
125,3530,6,7,6
125,3531,6,7,6
125,3532,6,7,6
125,3533,6,7,6
125,3534,6,7,6
125,3535,6,7,6
125,3536,6,7,6
125,3537,6,7,6
125,3538,6,7,6
125,3539,6,7,6
125,3540,6,7,6
125,3541,6,7,6
125,3542,6,7,6
125,3543,6,7,6
125,3544,6,7,6
125,3545,6,7,6
125,3546,6,7,6
125,3547,6,7,6
125,3548,6,7,6
125,3549,6,7,6
125,3550,6,7,6
125,3551,6,7,6
125,3552,6,7,6
125,3553,6,7,6
125,3554,6,7,6
125,3555,6,7,6
125,3556,6,7,6
125,3557,6,7,6
125,3558,6,7,6
125,3559,6,7,6
125,3560,6,7,6
125,3561,6,7,6
125,3562,6,7,6
125,3563,6,7,6
125,3564,6,7,6
125,3565,6,7,6
125,3566,6,7,6
125,3567,6,7,6
125,3568,6,7,6
125,3569,6,7,6
125,3570,6,7,6
125,3571,6,7,6
125,3572,6,7,6
125,3573,6,7,6
125,3574,6,7,6
125,3575,6,7,6
125,3576,6,7,6
125,3577,6,7,6
125,3578,6,7,6
125,3579,6,7,6
125,3580,6,7,6
125,3581,6,7,6
125,3582,6,7,6
125,3583,6,7,6
125,3584,6,7,6
125,3585,6,7,6
125,3586,6,7,6
125,3587,6,7,6
125,3588,6,7,6
125,3589,6,7,6
125,3590,6,7,6
125,3591,6,7,6
125,3592,6,7,6
125,3593,6,7,6
125,3594,6,7,6
125,3595,6,7,6
125,3596,6,7,6
125,3597,6,7,6
125,3598,6,7,6
125,3599,6,7,6
125,3600,6,7,6
125,3601,6,7,6
125,3602,6,7,6
125,3603,6,7,6
125,3604,6,7,6
125,3605,6,7,6
125,3606,6,7,6
125,3607,6,7,6
125,3608,6,7,6
125,3609,6,7,6
125,3610,6,7,6
125,3611,6,7,6
125,3612,6,7,6
125,3613,6,7,6
125,3614,6,7,6
125,3615,6,7,6
125,3616,6,7,6
125,3617,6,7,6
125,3618,6,7,6
125,3619,6,7,6
125,3620,6,7,6
125,3621,6,7,6
125,3622,6,7,6
125,3623,6,7,6
125,3624,6,7,6
125,3625,6,7,6
125,3626,6,7,6
125,3627,6,7,6
125,3628,6,7,6
125,3629,6,7,6
125,3630,6,7,6
125,3631,6,7,6
125,3632,6,7,6
125,3633,6,7,6
125,3634,6,7,6
125,3635,6,7,6
125,3636,6,7,6
125,3637,6,7,6
125,3638,6,7,6
125,3639,6,7,6
125,3640,6,7,6
125,3641,6,7,6
125,3642,6,7,6
125,3643,6,7,6
125,3644,6,7,6
125,3645,6,7,6
125,3646,6,7,6
125,3647,6,7,6
125,3648,6,7,6
125,3649,6,7,6
125,3650,6,7,6
125,3651,6,7,6
125,3652,6,7,6
125,3653,6,7,6
125,3654,6,7,6
125,3655,6,7,6
125,3656,6,7,6
125,3657,6,7,6
125,3658,6,7,6
125,3659,6,7,6
125,3660,6,7,6
125,3661,6,7,6
125,3662,6,7,6
125,3663,6,7,6
125,3664,6,7,6
125,3665,6,7,6
125,3666,6,7,6
125,3667,6,7,6
125,3668,6,7,6
125,3669,6,7,6
125,3670,6,7,6
125,3671,6,7,6
125,3672,6,7,6
125,3673,6,7,6
125,3674,6,7,6
125,3675,6,7,6
125,3676,6,7,6
125,3677,6,7,6
125,3678,6,7,6
125,3679,6,7,6
125,3680,6,7,6
125,3681,6,7,6
125,3682,6,7,6
125,3683,6,7,6
125,3684,6,7,6
125,3685,6,7,6
125,3686,6,7,6
125,3687,6,7,6
125,3688,6,7,6
125,3689,6,7,6
125,3690,6,7,6
125,3691,6,7,6
125,3692,6,7,6
125,3693,6,7,6
125,3694,6,7,6
125,3695,6,7,6
125,3696,6,7,6
125,3697,6,7,6
125,3698,6,7,6
125,3699,6,7,6
125,3700,6,7,6
125,3701,6,7,6
125,3702,6,7,6
125,3703,6,7,6
125,3704,6,7,6
125,3705,6,7,6
125,3706,6,7,6
125,3707,6,7,6
125,3708,6,7,6
125,3709,6,7,6
125,3710,6,7,6
125,3711,6,7,6
125,3712,6,7,6
125,3713,6,7,6
125,3714,6,7,6
125,3715,6,7,6
125,3716,6,7,6
125,3717,6,7,6
125,3718,6,7,6
125,3719,6,7,6
125,3720,6,7,6
125,3721,6,7,6
125,3722,6,7,6
125,3723,6,7,6
125,3724,6,7,6
125,3725,6,7,6
125,3726,6,7,6
125,3727,6,7,6
125,3728,6,7,6
125,3729,6,7,6
125,3730,6,7,6
125,3731,6,7,6
125,3732,6,7,6
125,3733,6,7,6
125,3734,6,7,6
125,3735,6,7,6
125,3736,6,7,6
125,3737,6,7,6
125,3738,6,7,6
125,3739,6,7,6
125,3740,6,7,6
125,3741,6,7,6
125,3742,6,7,6
125,3743,6,7,6
125,3744,6,7,6
125,3745,6,7,6
125,3746,6,7,6
125,3747,6,7,6
125,3748,6,7,6
125,3749,6,7,6
125,3750,6,7,6
125,3751,6,7,6
125,3752,6,7,6
125,3753,6,7,6
125,3754,6,7,6
125,3755,6,7,6
125,3756,6,7,6
125,3757,6,7,6
125,3758,6,7,6
125,3759,6,7,6
125,3760,6,7,6
125,3761,6,7,6
125,3762,6,7,6
125,3763,6,7,6
125,3764,6,7,6
125,3765,6,7,6
125,3766,6,7,6
125,3767,6,7,6
125,3768,6,7,6
125,3769,6,7,6
125,3770,6,7,6
125,3771,6,7,6
125,3772,6,7,6
125,3773,6,7,6
125,3774,6,7,6
125,3775,6,7,6
125,3776,6,7,6
125,3777,6,7,6
125,3778,6,7,6
125,3779,6,7,6
125,3780,6,7,6
125,3781,6,7,6
125,3782,6,7,6
125,3783,6,7,6
125,3784,6,7,6
125,3785,6,7,6
125,3786,6,7,6
125,3787,6,7,6
125,3788,6,7,6
125,3789,6,7,6
125,3790,6,7,6
125,3791,6,7,6
125,3792,6,7,6
125,3793,6,7,6
125,3794,6,7,6
125,3795,6,7,6
125,3796,6,7,6
125,3797,6,7,6
125,3798,6,7,6
125,3799,6,7,6
125,3800,6,7,6
125,3801,6,7,6
125,3802,6,7,6
125,3803,6,7,6
125,3804,6,7,6
125,3805,6,7,6
125,3806,6,7,6
125,3807,6,7,6
125,3808,6,7,6
125,3809,6,7,6
125,3810,6,7,6
125,3811,6,7,6
125,3812,6,7,6
125,3813,6,7,6
125,3814,6,7,6
125,3815,6,7,6
125,3816,6,7,6
125,3817,6,7,6
125,3818,6,7,6
125,3819,6,7,6
125,3820,6,7,6
125,3821,6,7,6
125,3822,6,7,6
125,3823,6,7,6
125,3824,6,7,6
125,3825,6,7,6
125,3826,6,7,6
125,3827,6,7,6
125,3828,6,7,6
125,3829,6,7,6
125,3830,6,7,6
125,3831,6,7,6
125,3832,6,7,6
125,3833,6,7,6
125,3834,6,7,6
125,3835,6,7,6
125,3836,6,7,6
125,3837,6,7,6
125,3838,6,7,6
125,3839,6,7,6
125,3840,6,7,6
125,3841,6,7,6
125,3842,6,7,6
125,3843,6,7,6
125,3844,6,7,6
125,3845,6,7,6
125,3846,6,7,6
125,3847,6,7,6
125,3848,6,7,6
125,3849,6,7,6
125,3850,6,7,6
125,3851,6,7,6
125,3852,6,7,6
125,3853,6,7,6
125,3854,6,7,6
125,3855,6,7,6
125,3856,6,7,6
125,3857,6,7,6
125,3858,6,7,6
125,3859,6,7,6
125,3860,6,7,6
125,3861,6,7,6
125,3862,6,7,6
125,3863,6,7,6
125,3864,6,7,6
125,3865,6,7,6
125,3866,6,7,6
125,3867,6,7,6
125,3868,6,7,6
125,3869,6,7,6
125,3870,6,7,6
125,3871,6,7,6
125,3872,6,7,6
125,3873,6,7,6
125,3874,6,7,6
125,3875,6,7,6
125,3876,6,7,6
125,3877,6,7,6
125,3878,6,7,6
125,3879,6,7,6
125,3880,6,7,6
125,3881,6,7,6
125,3882,6,7,6
125,3883,6,7,6
125,3884,6,7,6
125,3885,6,7,6
125,3886,6,7,6
125,3887,6,7,6
125,3888,6,7,6
125,3889,6,7,6
125,3890,6,7,6
125,3891,6,8,6
125,3892,6,7,6
125,3893,6,7,6
125,3894,6,7,6
125,3895,6,7,6
125,3896,6,7,6
125,3897,6,7,6
125,3898,6,7,6
125,3899,6,7,6
125,3900,6,7,6
125,3901,6,7,6
125,3902,6,7,6
125,3903,6,7,6
125,3904,6,7,6
125,3905,6,7,6
125,3906,6,7,6
125,3907,6,7,6
125,3908,6,7,6
125,3909,6,7,6
125,3910,6,7,6
125,3911,6,7,6
125,3912,6,7,6
125,3913,6,7,6
125,3914,6,7,6
125,3915,6,7,6
125,3916,6,7,6
125,3917,6,7,6
125,3918,6,7,6
125,3919,6,7,6
125,3920,6,7,6
125,3921,6,7,6
125,3922,6,7,6
125,3923,6,7,6
125,3924,6,7,6
125,3925,6,7,6
125,3926,6,7,6
125,3927,6,7,6
125,3928,6,7,6
125,3929,6,7,6
125,3930,6,7,6
125,3931,6,7,6
125,3932,6,7,6
125,3933,6,7,6
125,3934,6,7,6
125,3935,6,7,6
125,3936,6,7,6
125,3937,6,7,6
125,3938,6,7,6
125,3939,6,7,6
125,3940,6,7,6
125,3941,6,7,6
125,3942,6,7,6
125,3943,6,7,6
125,3944,6,7,6
125,3945,6,7,6
125,3946,6,7,6
125,3947,6,7,6
125,3948,6,7,6
125,3949,6,8,6
125,3950,6,7,6
125,3951,6,7,6
125,3952,6,7,6
125,3953,6,7,6
125,3954,6,7,6
125,3955,6,7,6
125,3956,6,7,6
125,3957,6,7,6
125,3958,6,7,6
125,3959,6,7,6
125,3960,6,7,6
125,3961,6,7,6
125,3962,6,7,6
125,3963,6,7,6
125,3964,6,7,6
125,3965,6,7,6
125,3966,6,7,6
125,3967,6,7,6
125,3968,6,7,6
125,3969,6,7,6
125,3970,6,7,6
125,3971,6,7,6
125,3972,6,7,6
125,3973,6,7,6
125,3974,6,7,6
125,3975,6,7,6
125,3976,6,7,6
125,3977,6,7,6
125,3978,6,7,6
125,3979,6,7,6
125,3980,6,7,6
125,3981,6,7,6
125,3982,6,7,6
125,3983,6,7,6
125,3984,6,7,6
125,3985,6,7,6
125,3986,6,7,6
125,3987,6,7,6
125,3988,6,7,6
125,3989,6,7,6
125,3990,6,7,6
125,3991,6,7,6
125,3992,6,7,6
125,3993,6,7,6
125,3994,6,7,6
125,3995,6,7,6
125,3996,6,7,6
125,3997,6,7,6
125,3998,6,7,6
125,3999,6,7,6
125,4000,6,7,6
125,4001,6,7,6
125,4002,6,7,6
125,4003,6,7,6
125,4004,6,7,6
125,4005,6,7,6
125,4006,6,7,6
125,4007,6,7,6
125,4008,6,7,6
125,4009,6,7,6
125,4010,6,7,6
125,4011,6,7,6
125,4012,6,7,6
125,4013,6,7,6
125,4014,6,7,6
125,4015,6,7,6
125,4016,6,7,6
125,4017,6,7,6
125,4018,6,7,6
125,4019,6,7,6
125,4020,6,7,6
125,4021,6,7,6
125,4022,6,7,6
125,4023,6,7,6
125,4024,6,7,6
125,4025,6,7,6
125,4026,6,7,6
125,4027,6,7,6
125,4028,6,7,6
125,4029,6,7,6
125,4030,6,7,6
125,4031,6,7,6
125,4032,6,7,6
125,4033,6,7,6
125,4034,6,7,6
125,4035,6,7,6
125,4036,6,7,6
125,4037,6,7,6
125,4038,6,7,6
125,4039,6,7,6
125,4040,6,7,6
125,4041,6,7,6
125,4042,6,7,6
125,4043,6,7,6
125,4044,6,7,6
125,4045,6,7,6
125,4046,6,7,6
125,4047,6,7,6
125,4048,6,7,6
125,4049,6,7,6
125,4050,6,7,6
125,4051,6,7,6
125,4052,6,7,6
125,4053,6,7,6
125,4054,6,7,6
125,4055,6,7,6
125,4056,6,7,6
125,4057,6,7,6
125,4058,6,7,6
125,4059,6,7,6
125,4060,6,7,6
125,4061,6,7,6
125,4062,6,7,6
125,4063,6,7,6
125,4064,6,7,6
125,4065,6,7,6
125,4066,6,7,6
125,4067,6,7,6
125,4068,6,7,6
125,4069,6,7,6
125,4070,6,7,6
125,4071,6,7,6
125,4072,6,7,6
125,4073,6,7,6
125,4074,6,7,6
125,4075,6,7,6
125,4076,6,7,6
125,4077,6,7,6
125,4078,6,7,6
125,4079,6,7,6
125,4080,6,7,6
125,4081,6,7,6
125,4082,6,7,6
125,4083,6,7,6
125,4084,6,7,6
125,4085,6,7,6
125,4086,6,7,6
125,4087,6,7,6
125,4088,6,7,6
125,4089,6,7,6
125,4090,6,7,6
125,4091,6,7,6
125,4092,6,7,6
125,4093,6,7,6
125,4094,6,7,6
125,4095,6,7,6
125,4096,6,7,6
125,4097,6,7,6
125,4098,6,7,6
125,4099,6,7,6
125,4100,6,7,6
125,4101,6,7,6
125,4102,6,7,6
125,4103,6,7,6
125,4104,6,7,6
125,4105,6,7,6
125,4106,6,7,6
125,4107,6,7,6
125,4108,6,7,6
125,4109,6,7,6
125,4110,6,7,6
125,4111,6,7,6
125,4112,6,7,6
125,4113,6,7,6
125,4114,125,7,7
125,4115,125,7,7
125,4116,6,7,6
125,4117,125,7,7
125,4118,125,7,7
125,4119,6,7,6
125,4120,6,7,6
125,4121,6,7,6
125,4122,6,7,6
125,4123,6,7,6
125,4124,6,7,6
125,4125,6,7,6
125,4126,6,7,6
125,4127,6,7,6
125,4128,6,7,6
125,4129,6,7,6
125,4130,6,7,6
125,4131,6,7,6
125,4132,6,7,6
125,4133,6,7,6
125,4134,6,7,6
125,4135,6,7,6
125,4136,6,7,6
125,4137,6,7,6
125,4138,6,7,6
125,4139,6,7,6
125,4140,6,7,6
125,4141,6,7,6
125,4142,6,7,6
125,4143,6,7,6
125,4144,6,7,6
125,4145,6,7,6
125,4146,6,7,6
125,4147,6,7,6
125,4148,6,7,6
125,4149,6,7,6
125,4150,6,7,6
125,4151,6,7,6
125,4152,6,7,6
125,4153,6,7,6
125,4154,6,7,6
125,4155,6,7,6
125,4156,6,7,6
125,4157,6,7,6
125,4158,6,7,6
125,4159,6,7,6
125,4160,6,7,6
125,4161,6,7,6
125,4162,6,7,6
125,4163,6,7,6
125,4164,6,7,6
125,4165,6,7,6
125,4166,6,7,6
125,4167,6,7,6
125,4168,6,7,6
125,4169,6,7,6
125,4170,6,7,6
125,4171,6,7,6
125,4172,6,7,6
125,4173,6,7,6
125,4174,6,7,6
125,4175,6,7,6
125,4176,6,7,6
125,4177,6,7,6
125,4178,6,7,6
125,4179,6,7,6
125,4180,6,7,6
125,4181,6,7,6
125,4182,6,7,6
125,4183,6,7,6
125,4184,6,7,6
125,4185,6,7,6
125,4186,6,7,6
125,4187,6,7,6
125,4188,6,7,6
125,4189,6,7,6
125,4190,6,7,6
125,4191,6,7,6
125,4192,6,7,6
125,4193,6,7,6
125,4194,6,7,6
125,4195,6,7,6
125,4196,6,7,6
125,4197,6,7,6
125,4198,6,7,6
125,4199,6,7,6
125,4200,6,7,6
125,4201,6,7,6
125,4202,6,7,6
125,4203,6,7,6
125,4204,6,7,6
125,4205,6,7,6
125,4206,6,7,6
125,4207,6,7,6
125,4208,6,7,6
125,4209,6,7,6
125,4210,6,7,6
125,4211,6,7,6
125,4212,6,7,6
125,4213,6,7,6
125,4214,6,7,6
125,4215,6,7,6
125,4216,6,7,6
125,4217,6,7,6
125,4218,6,7,6
125,4219,6,7,6
125,4220,6,7,6
125,4221,6,7,6
125,4222,6,7,6
125,4223,6,7,6
125,4224,6,7,6
125,4225,6,7,6
125,4226,6,7,6
125,4227,6,7,6
125,4228,6,7,6
125,4229,6,7,6
125,4230,6,7,6
125,4231,6,7,6
125,4232,6,7,6
125,4233,6,7,6
125,4234,6,7,6
125,4235,6,7,6
125,4236,6,7,6
125,4237,6,7,6
125,4238,6,7,6
125,4239,6,7,6
125,4240,6,7,6
125,4241,6,7,6
125,4242,6,7,6
125,4243,6,7,6
125,4244,6,7,6
125,4245,6,7,6
125,4246,6,7,6
125,4247,6,7,6
125,4248,6,7,6
125,4249,6,7,6
125,4250,6,7,6
125,4251,6,7,6
125,4252,6,7,6
125,4253,6,7,6
125,4254,6,7,6
125,4255,6,7,6
125,4256,6,7,6
125,4257,6,7,6
125,4258,6,7,6
125,4259,6,7,6
125,4260,6,7,6
125,4261,6,7,6
125,4262,6,7,6
125,4263,6,7,6
125,4264,6,7,6
125,4265,6,7,6
125,4266,6,7,6
125,4267,6,7,6
125,4268,6,7,6
125,4269,6,7,6
125,4270,6,7,6
125,4271,6,7,6
125,4272,6,7,6
125,4273,6,7,6
125,4274,6,7,6
125,4275,6,7,6
125,4276,6,7,6
125,4277,6,7,6
125,4278,6,7,6
125,4279,6,7,6
125,4280,6,7,6
125,4281,6,7,6
125,4282,6,7,6
125,4283,6,7,6
125,4284,6,7,6
125,4285,6,7,6
125,4286,6,7,6
125,4287,6,7,6
125,4288,6,7,6
125,4289,6,7,6
125,4290,6,7,6
125,4291,6,7,6
125,4292,6,7,6
125,4293,6,7,6
125,4294,6,7,6
125,4295,6,7,6
125,4296,6,7,6
125,4297,6,7,6
125,4298,6,7,6
125,4299,6,7,6
125,4300,6,7,6
125,4301,6,7,6
125,4302,6,7,6
125,4303,6,7,6
125,4304,6,7,6
125,4305,6,7,6
125,4306,6,7,6
125,4307,6,7,6
125,4308,6,7,6
125,4309,6,7,6
125,4310,6,7,6
125,4311,6,7,6
125,4312,6,7,6
125,4313,6,7,6
125,4314,6,7,6
125,4315,6,7,6
125,4316,6,7,6
125,4317,6,7,6
125,4318,6,7,6
125,4319,6,7,6
125,4320,6,7,6
125,4321,6,7,6
125,4322,6,7,6
125,4323,6,7,6
125,4324,6,7,6
125,4325,6,7,6
125,4326,6,7,6
125,4327,6,7,6
125,4328,6,7,6
125,4329,6,7,6
125,4330,6,7,6
125,4331,6,7,6
125,4332,6,7,6
125,4333,6,7,6
125,4334,6,7,6
125,4335,6,7,6
125,4336,6,7,6
125,4337,6,7,6
125,4338,6,7,6
125,4339,6,7,6
125,4340,6,7,6
125,4341,6,7,6
125,4342,6,7,6
125,4343,6,7,6
125,4344,6,7,6
125,4345,6,7,6
125,4346,6,7,6
125,4347,6,7,6
125,4348,6,7,6
125,4349,6,7,6
125,4350,6,7,6
125,4351,6,7,6
125,4352,6,7,6
125,4353,6,7,6
125,4354,6,7,6
125,4355,6,7,6
125,4356,6,7,6
125,4357,6,7,6
125,4358,6,7,6
125,4359,6,7,6
125,4360,6,7,6
125,4361,6,7,6
125,4362,6,7,6
125,4363,6,7,6
125,4364,6,7,6
125,4365,6,7,6
125,4366,6,7,6
125,4367,6,7,6
125,4368,6,7,6
125,4369,6,7,6
125,4370,6,7,6
125,4371,6,7,6
125,4372,6,7,6
125,4373,6,7,6
125,4374,6,7,6
125,4375,6,7,6
125,4376,6,7,6
125,4377,6,7,6
125,4378,6,7,6
125,4379,6,7,6
125,4380,6,7,6
125,4381,6,7,6
125,4382,6,7,6
125,4383,6,7,6
125,4384,6,7,6
125,4385,6,7,6
125,4386,6,7,6
125,4387,6,7,6
125,4388,6,7,6
125,4389,6,7,6
125,4390,6,7,6
125,4391,6,7,6
125,4392,6,7,6
125,4393,6,7,6
125,4394,6,7,6
125,4395,6,7,6
125,4396,6,7,6
125,4397,6,7,6
125,4398,6,7,6
125,4399,6,7,6
125,4400,6,7,6
125,4401,6,7,6
125,4402,6,7,6
125,4403,6,7,6
125,4404,6,7,6
125,4405,6,7,6
125,4406,6,7,6
125,4407,6,7,6
125,4408,6,7,6
125,4409,6,7,6
125,4410,6,7,6
125,4411,6,7,6
125,4412,6,7,6
125,4413,6,7,6
125,4414,6,7,6
125,4415,6,7,6
125,4416,6,7,6
125,4417,6,7,6
125,4418,6,7,6
125,4419,6,7,6
125,4420,6,7,6
125,4421,6,7,6
125,4422,6,7,6
125,4423,6,7,6
125,4424,6,7,6
125,4425,6,7,6
125,4426,6,7,6
125,4427,6,7,6
125,4428,6,7,6
125,4429,6,7,6
125,4430,6,7,6
125,4431,6,7,6
125,4432,6,7,6
125,4433,6,7,6
125,4434,6,7,6
125,4435,6,7,6
125,4436,6,7,6
125,4437,6,7,6
125,4438,6,7,6
125,4439,6,7,6
125,4440,6,7,6
125,4441,6,7,6
125,4442,6,7,6
125,4443,6,7,6
125,4444,6,7,6
125,4445,6,7,6
125,4446,6,7,6
125,4447,6,7,6
125,4448,6,7,6
125,4449,6,7,6
125,4450,6,7,6
125,4451,6,7,6
125,4452,6,7,6
125,4453,6,7,6
125,4454,6,7,6
125,4455,6,7,6
125,4456,6,7,6
125,4457,6,7,6
125,4458,6,7,6
125,4459,6,7,6
125,4460,6,7,6
125,4461,6,7,6
125,4462,6,7,6
125,4463,6,7,6
125,4464,6,7,6
125,4465,6,7,6
125,4466,6,7,6
125,4467,6,7,6
125,4468,6,7,6
125,4469,6,7,6
125,4470,6,7,6
125,4471,6,7,6
125,4472,6,7,6
125,4473,6,7,6
125,4474,6,7,6
125,4475,6,7,6
125,4476,6,7,6
125,4477,6,7,6
125,4478,6,7,6
125,4479,6,7,6
125,4480,6,7,6
125,4481,6,7,6
125,4482,6,7,6
125,4483,6,7,6
125,4484,6,7,6
125,4485,6,7,6
125,4486,6,7,6
125,4487,6,7,6
125,4488,6,7,6
125,4489,6,7,6
125,4490,6,7,6
125,4491,6,7,6
125,4492,6,7,6
125,4493,6,7,6
125,4494,6,7,6
125,4495,6,7,6
125,4496,6,7,6
125,4497,6,7,6
125,4498,6,7,6
125,4499,6,7,6
125,4500,6,7,6
125,4501,6,7,6
125,4502,6,7,6
125,4503,6,7,6
125,4504,6,7,6
125,4505,6,7,6
125,4506,6,7,6
125,4507,6,7,6
125,4508,6,7,6
125,4509,6,7,6
125,4510,6,7,6
125,4511,6,7,6
125,4512,6,7,6
125,4513,6,7,6
125,4514,6,7,6
125,4515,6,7,6
125,4516,6,7,6
125,4517,6,7,6
125,4518,6,7,6
125,4519,6,7,6
125,4520,6,7,6
125,4521,6,7,6
125,4522,6,7,6
125,4523,6,7,6
125,4524,6,7,6
125,4525,6,7,6
125,4526,6,7,6
125,4527,6,7,6
125,4528,6,7,6
125,4529,6,7,6
125,4530,6,7,6
125,4531,6,7,6
125,4532,6,7,6
125,4533,6,7,6
125,4534,6,7,6
125,4535,6,7,6
125,4536,6,7,6
125,4537,6,7,6
125,4538,6,7,6
125,4539,6,7,6
125,4540,6,7,6
125,4541,6,7,6
125,4542,6,7,6
125,4543,6,7,6
125,4544,6,7,6
125,4545,6,7,6
125,4546,6,7,6
125,4547,6,7,6
125,4548,6,7,6
125,4549,6,7,6
125,4550,6,7,6
125,4551,6,7,6
125,4552,6,7,6
125,4553,6,7,6
125,4554,6,7,6
125,4555,6,7,6
125,4556,6,7,6
125,4557,6,7,6
125,4558,6,7,6
125,4559,6,7,6
125,4560,6,7,6
125,4561,6,7,6
125,4562,6,7,6
125,4563,6,7,6
125,4564,6,7,6
125,4565,6,7,6
125,4566,6,7,6
125,4567,6,7,6
125,4568,6,7,6
125,4569,6,7,6
125,4570,6,7,6
125,4571,6,7,6
125,4572,6,7,6
125,4573,6,7,6
125,4574,6,7,6
125,4575,6,7,6
125,4576,6,7,6
125,4577,6,7,6
125,4578,6,7,6
125,4579,6,7,6
125,4580,6,7,6
125,4581,6,7,6
125,4582,6,7,6
125,4583,6,7,6
125,4584,6,7,6
125,4585,6,7,6
125,4586,6,7,6
125,4587,6,7,6
125,4588,6,7,6
125,4589,6,7,6
125,4590,6,7,6
125,4591,6,7,6
125,4592,6,7,6
125,4593,6,7,6
125,4594,6,7,6
125,4595,6,7,6
125,4596,6,7,6
125,4597,6,7,6
125,4598,6,7,6
125,4599,6,7,6
125,4600,6,7,6
125,4601,6,7,6
125,4602,6,7,6
125,4603,6,7,6
125,4604,6,7,6
125,4605,6,7,6
125,4606,6,7,6
125,4607,6,7,6
125,4608,6,7,6
125,4609,6,7,6
125,4610,6,7,6
125,4611,6,7,6
125,4612,6,7,6
125,4613,6,7,6
125,4614,6,7,6
125,4615,6,7,6
125,4616,6,7,6
125,4617,6,7,6
125,4618,6,7,6
125,4619,6,7,6
125,4620,6,7,6
125,4621,6,7,6
125,4622,6,7,6
125,4623,6,7,6
125,4624,6,7,6
125,4625,6,7,6
125,4626,6,7,6
125,4627,6,7,6
125,4628,6,7,6
125,4629,6,7,6
125,4630,6,7,6
125,4631,6,7,6
125,4632,6,7,6
125,4633,6,7,6
125,4634,6,7,6
125,4635,6,7,6
125,4636,6,7,6
125,4637,6,7,6
125,4638,6,7,6
125,4639,6,7,6
125,4640,6,7,6
125,4641,6,7,6
125,4642,6,7,6
125,4643,6,7,6
125,4644,6,7,6
125,4645,6,7,6
125,4646,6,7,6
125,4647,6,7,6
125,4648,6,7,6
125,4649,6,7,6
125,4650,6,7,6
125,4651,6,7,6
125,4652,6,7,6
125,4653,6,7,6
125,4654,6,7,6
125,4655,6,7,6
125,4656,6,7,6
125,4657,6,7,6
125,4658,6,7,6
125,4659,6,7,6
125,4660,6,7,6
125,4661,6,7,6
125,4662,6,7,6
125,4663,6,7,6
125,4664,6,7,6
125,4665,6,7,6
125,4666,6,7,6
125,4667,6,7,6
125,4668,6,7,6
125,4669,6,7,6
125,4670,6,7,6
125,4671,6,7,6
125,4672,6,7,6
125,4673,6,7,6
125,4674,6,7,6
125,4675,6,7,6
125,4676,6,7,6
125,4677,6,7,6
125,4678,6,7,6
125,4679,6,7,6
125,4680,6,7,6
125,4681,6,7,6
125,4682,6,7,6
125,4683,6,7,6
125,4684,6,7,6
125,4685,6,7,6
125,4686,6,7,6
125,4687,6,7,6
125,4688,6,7,6
125,4689,6,7,6
125,4690,6,7,6
125,4691,6,7,6
125,4692,6,7,6
125,4693,6,7,6
125,4694,6,7,6
125,4695,6,7,6
125,4696,6,7,6
125,4697,6,7,6
125,4698,6,7,6
125,4699,6,7,6
125,4700,6,7,6
125,4701,6,7,6
125,4702,6,7,6
125,4703,6,7,6
125,4704,6,7,6
125,4705,6,7,6
125,4706,6,7,6
125,4707,6,7,6
125,4708,6,7,6
125,4709,6,7,6
125,4710,6,7,6
125,4711,6,7,6
125,4712,6,8,6
125,4713,6,7,6
125,4714,6,7,6
125,4715,6,7,6
125,4716,6,7,6
125,4717,6,7,6
125,4718,6,7,6
125,4719,6,7,6
125,4720,6,7,6
125,4721,6,7,6
125,4722,6,7,6
125,4723,6,7,6
125,4724,6,7,6
125,4725,6,7,6
125,4726,6,7,6
125,4727,6,7,6
125,4728,6,7,6
125,4729,6,7,6
125,4730,6,7,6
125,4731,6,7,6
125,4732,6,7,6
125,4733,6,7,6
125,4734,6,7,6
125,4735,6,7,6
125,4736,6,7,6
125,4737,6,7,6
125,4738,6,7,6
125,4739,6,7,6
125,4740,6,7,6
125,4741,6,7,6
125,4742,6,7,6
125,4743,6,7,6
125,4744,6,7,6
125,4745,6,7,6
125,4746,6,7,6
125,4747,6,7,6
125,4748,6,7,6
125,4749,6,7,6
125,4750,6,7,6
125,4751,6,7,6
125,4752,6,7,6
125,4753,6,7,6
125,4754,6,7,6
125,4755,6,7,6
125,4756,6,7,6
125,4757,6,7,6
125,4758,6,7,6
125,4759,6,7,6
125,4760,6,7,6
125,4761,6,7,6
125,4762,6,7,6
125,4763,6,7,6
125,4764,6,7,6
125,4765,6,7,6
125,4766,6,7,6
125,4767,6,7,6
125,4768,6,7,6
125,4769,6,7,6
125,4770,6,8,6
125,4771,6,7,6
125,4772,6,7,6
125,4773,6,7,6
125,4774,6,7,6
125,4775,6,7,6
125,4776,6,7,6
125,4777,6,7,6
125,4778,6,7,6
125,4779,6,7,6
125,4780,6,7,6
125,4781,6,7,6
125,4782,6,7,6
125,4783,6,7,6
125,4784,6,7,6
125,4785,6,7,6
125,4786,6,7,6
125,4787,6,7,6
125,4788,6,7,6
125,4789,6,7,6
125,4790,6,7,6
125,4791,6,7,6
125,4792,6,7,6
125,4793,6,7,6
125,4794,6,7,6
125,4795,6,7,6
125,4796,6,7,6
125,4797,6,7,6
125,4798,6,7,6
125,4799,6,7,6
125,4800,6,7,6
125,4801,6,7,6
125,4802,6,7,6
125,4803,6,7,6
125,4804,6,7,6
125,4805,6,7,6
125,4806,6,7,6
125,4807,6,7,6
125,4808,6,7,6
125,4809,6,7,6
125,4810,6,7,6
125,4811,6,7,6
125,4812,6,7,6
125,4813,6,7,6
125,4814,6,7,6
125,4815,6,7,6
125,4816,6,7,6
125,4817,6,7,6
125,4818,6,7,6
125,4819,6,7,6
125,4820,6,7,6
125,4821,6,7,6
125,4822,6,7,6
125,4823,6,7,6
125,4824,6,7,6
125,4825,6,7,6
125,4826,6,7,6
125,4827,6,7,6
125,4828,6,7,6
125,4829,6,7,6
125,4830,6,7,6
125,4831,6,7,6
125,4832,6,7,6
125,4833,6,7,6
125,4834,6,7,6
125,4835,6,7,6
125,4836,6,7,6
125,4837,6,7,6
125,4838,6,7,6
125,4839,6,7,6
125,4840,6,7,6
125,4841,6,7,6
125,4842,6,7,6
125,4843,6,7,6
125,4844,6,7,6
125,4845,6,7,6
125,4846,6,7,6
125,4847,6,7,6
125,4848,6,7,6
125,4849,6,7,6
125,4850,6,7,6
125,4851,6,7,6
125,4852,6,7,6
125,4853,6,7,6
125,4854,6,7,6
125,4855,6,7,6
125,4856,6,7,6
125,4857,6,7,6
125,4858,6,7,6
125,4859,6,7,6
125,4860,6,7,6
125,4861,6,7,6
125,4862,6,7,6
125,4863,6,7,6
125,4864,6,7,6
125,4865,6,7,6
125,4866,6,7,6
125,4867,6,7,6
125,4868,6,7,6
125,4869,6,7,6
125,4870,6,7,6
125,4871,6,7,6
125,4872,6,7,6
125,4873,6,7,6
125,4874,6,7,6
125,4875,6,7,6
125,4876,6,7,6
125,4877,6,7,6
125,4878,6,7,6
125,4879,6,7,6
125,4880,6,7,6
125,4881,6,7,6
125,4882,6,7,6
125,4883,6,7,6
125,4884,6,7,6
125,4885,6,7,6
125,4886,6,7,6
125,4887,6,7,6
125,4888,6,7,6
125,4889,6,7,6
125,4890,6,7,6
125,4891,6,7,6
125,4892,6,7,6
125,4893,6,7,6
125,4894,6,7,6
125,4895,6,7,6
125,4896,6,7,6
125,4897,6,7,6
125,4898,6,7,6
125,4899,6,7,6
125,4900,6,7,6
125,4901,6,7,6
125,4902,6,7,6
125,4903,6,7,6
125,4904,6,7,6
125,4905,6,7,6
125,4906,6,7,6
125,4907,6,7,6
125,4908,6,7,6
125,4909,6,7,6
125,4910,6,7,6
125,4911,6,7,6
125,4912,6,7,6
125,4913,6,7,6
125,4914,6,7,6
125,4915,6,7,6
125,4916,6,7,6
125,4917,6,7,6
125,4918,6,7,6
125,4919,6,7,6
125,4920,6,7,6
125,4921,6,7,6
125,4922,6,7,6
125,4923,6,7,6
125,4924,6,7,6
125,4925,6,7,6
125,4926,6,7,6
125,4927,6,7,6
125,4928,6,7,6
125,4929,6,7,6
125,4930,6,7,6
125,4931,6,7,6
125,4932,6,7,6
125,4933,6,7,6
125,4934,6,7,6
125,4935,6,7,6
125,4936,6,7,6
125,4937,6,7,6
125,4938,6,7,6
125,4939,6,7,6
125,4940,6,7,6
125,4941,6,7,6
125,4942,6,7,6
125,4943,6,7,6
125,4944,6,7,6
125,4945,6,7,6
125,4946,6,7,6
125,4947,6,7,6
125,4948,6,7,6
125,4949,6,7,6
125,4950,6,7,6
125,4951,6,7,6
125,4952,6,7,6
125,4953,6,7,6
125,4954,6,7,6
125,4955,6,7,6
125,4956,6,7,6
125,4957,6,7,6
125,4958,6,7,6
125,4959,6,7,6
125,4960,6,7,6
125,4961,6,7,6
125,4962,6,7,6
125,4963,6,7,6
125,4964,6,7,6
125,4965,6,7,6
125,4966,6,7,6
125,4967,6,7,6
125,4968,6,7,6
125,4969,6,7,6
125,4970,6,7,6
125,4971,6,7,6
125,4972,6,7,6
125,4973,6,7,6
125,4974,6,7,6
125,4975,6,7,6
125,4976,6,7,6
125,4977,6,7,6
125,4978,6,7,6
125,4979,6,7,6
125,4980,6,7,6
125,4981,6,7,6
125,4982,6,7,6
125,4983,6,7,6
125,4984,6,7,6
125,4985,6,7,6
125,4986,6,7,6
125,4987,6,7,6
125,4988,6,7,6
125,4989,6,7,6
125,4990,6,7,6
125,4991,6,7,6
125,4992,6,7,6
125,4993,6,7,6
125,4994,6,7,6
125,4995,6,7,6
125,4996,6,7,6
125,4997,6,7,6
125,4998,6,7,6
125,4999,6,7,6
125,5000,6,7,6
